Name,actual2,predict2,Correct,Predict Time,wer2,cer2
627.jpg,Số Check: 105771,Số Check: 10577,0,0.16672801971435547,0.3333333333333333,0.0625
539.jpg,Tổng tiền thanh toán: 13.200.000,Tổng tiền thanh toán 13300000,0,0.22757983207702637,0.4,0.125
647.jpg,13012 00020371,13012 000020371,0,0.2750966548919678,0.5,0.07142857142857142
553.jpg,Trans#: F230618-37181,TransH: F730818-37131,0,0.41465067863464355,1.0,0.19047619047619047
545.jpg,16:03:05 16DEC2010,16:03:35 16DEC2010,0,0.20595312118530273,0.5,0.05555555555555555
680.jpg,TOTAL £7.95,"T0TAL t7,95",0,0.19982624053955078,1.0,0.2727272727272727
373.jpg,TRANSITWA OHNE GARRANT/SERVICE,"TRANSTTW& DHNE
GARANT /SERUTCE",0,0.4632840156555176,1.3333333333333333,0.26666666666666666
403.jpg,"Địa chỉ: Số 1258 Đội Cấn, Ba Đình, Hà Nội","; Địa chu: Số 1258 Đội Cân, Ba Đinh, Hà",0,0.4282829761505127,0.5,0.21951219512195122
153.jpg,0 1 0 6 0 5 5 1 2 9,0106055129,1,0.19415783882141113,1.0,0.47368421052631576
469.jpg,CHANGE DUE 0.00,CHANGE DUE 0.00,1,0.18908214569091797,0.0,0.0
622.jpg,08.12.07 16:27,08.12.07 16:27,1,0.18416738510131836,0.0,0.0
385.jpg,Tên khách hàng (Customer name): Hà Công Nghị,Tên khách hàng (Customers name): Hà Công Nghị,0,0.2816200256347656,0.125,0.022727272727272728
141.jpg,"Địa chỉ: 196 Vạn Kiếp, Phường 3, Quận Bình Thạnh, TP. HCM, Việt Nam","Địa chỉ

196 Vạn Kiếp, Phường 3, Quận Binh Thạnh, TP.HCM, Việt Nam",0,0.9115889072418213,0.2857142857142857,0.05970149253731343
667.jpg,"63 Nguyễn Văn Trỗi, Q. Phú Nhuận, Tp. HCM",63 Nguyễn Văn Trết Q. Phú Niuận Tp HCM,0,0.4829874038696289,0.3333333333333333,0.14634146341463414
603.jpg,TOTAL 1.49,1.49,0,0.12387919425964355,0.5,0.6
184.jpg,YELLOW POT,YELLOIW POT,0,0.21233630180358887,0.5,0.1
258.jpg,12/8/2018,12/8/7201 8,0,0.2917287349700928,2.0,0.2222222222222222
620.jpg,OSKAR-VON-MILLER-STR.6,"0SKAR-VDN-MTILLER-STR,B",0,0.3799324035644531,1.0,0.22727272727272727
405.jpg,Tong so tien thanh toan:,Tom So tien thanh toan:,0,0.4112091064453125,0.4,0.125
327.jpg,Tiền thanh toán: 16.354 VND,"(INA TSC 9 141V) HD HỘ,",0,0.6797187328338623,1.2,0.8518518518518519
406.jpg,"123,100.00","123, 100.0)",0,0.1624457836151123,2.0,0.2
171.jpg,TOTAL 37.45,"37,45:",0,0.15824460983276367,1.0,0.7272727272727273
454.jpg,"115 tầng 3 ngõ Núi Trúc, Tổ 1 Kim Mã Ba Đình Hà Nội",115 tâng 3 ngõ Núi Trúc. Tô 1 Kim Mã Ba Đình Hà Nội,0,0.7427771091461182,0.21428571428571427,0.058823529411764705
80.jpg,Đơn vị bán hàng: CÔNG TY TNHH XE NẮNG BÌNH MINH,Đơn vị bán hàng : CÔNG TY TNHH XE NÂNG BÌNH MINH,0,0.4230539798736572,0.2727272727272727,0.0425531914893617
24.jpg,TỔNG: ........150.000 VNĐ,.-150.000 UNĐ,0,0.1839277744293213,1.0,0.56
124.jpg,"Địa chỉ: 359/1E Lê Văn Sỹ, Phường 12, Quận 3, TP Hồ Chí Minh, Việt Nam","Địa chỉ : 359/1E Lê Văn Sỹ, Phường 12, Quận 3, TP Hồ Chí Minh, Việt Nam",1,0.46338987350463867,0.125,0.014285714285714285
694.jpg,"615 MIDDLE COUNTRY SELDEN, NY","615 M1DDLE COUNTRY
SELDEN, NY",0,0.3392069339752197,0.2,0.06896551724137931
278.jpg,FPT Telecom,Fpt Telecom,0,0.14297175407409668,0.5,0.18181818181818182
517.jpg,Carrefour express,"Carretour
CXDTF^SS",0,0.6111843585968018,1.0,0.5882352941176471
306.jpg,Tên khách hàng (Customer name): TRAN NGOC ANH,iên khách hàng (Customers name): TRAN NGOC ANH,0,0.43446993827819824,0.25,0.044444444444444446
181.jpg,Quản Trung Kiên,Quản Trung Kiên,1,0.1905210018157959,0.0,0.0
239.jpg,1.598.000,1.598.000,1,0.14352178573608398,0.0,0.0
210.jpg,"Tong cong: 179,000","Tong cong: 173,000",0,0.26340699195861816,0.3333333333333333,0.05555555555555555
56.jpg,Đc: Số 216 Quán Toan - HB - HP,Đc: Sô 216 Quán Toan - HB -HP,0,0.541766881942749,0.3333333333333333,0.06666666666666667
470.jpg,"Tổng tiền hóa đơn 1,292,869.6",Tông tiền hoa đơnh (TSTYXTTX,0,0.5237765312194824,0.8,0.4827586206896552
204.jpg,225037589,225037589,1,0.15125465393066406,0.0,0.0
641.jpg,Tổng gía trị hàng hóa mua vào: 26.700.000,Tổng giá trị hàng hóa mua vào: 26.700.000,0,0.2613980770111084,0.125,0.04878048780487805
105.jpg,TOTAL: 56 000,TOTAL: 5G OOO,0,0.34973978996276855,0.6666666666666666,0.3076923076923077
515.jpg,"Balance Due 10,05",Ba lance Due,0,0.19976258277893066,1.0,0.4117647058823529
329.jpg,Đơn vị bán hàng: CÔNG TY TNHH Tư Vấn Đào Tạo TDC,Đơnvi bản ;,0,0.1388683319091797,1.0,0.8333333333333334
530.jpg,3235.19192222,3235.1919222,0,0.2145075798034668,1.0,0.07692307692307693
396.jpg,Cửa hàng mỹ phẩm Đạt Lụa,Cửa hàng mỹ phẩm Đạt Lụa,1,0.25239133834838867,0.0,0.0
358.jpg,Số HĐ: 08090011,sốHĐ: 08090011,0,0.1858360767364502,0.6666666666666666,0.13333333333333333
127.jpg,"Số 11 phố Duy Tân, Phường Dịch Vọng Hậu, Quận Cầu Giấy, Thành Phố Hà Nội, Việt Nam","Số 11 phố Duy Tân, Phường Dịch Vọng Hậu, Quận Cầu Giấy, Thành phố Hà Nội, Việt Nam",0,0.5084290504455566,0.05555555555555555,0.012195121951219513
357.jpg,"167 Thái Thị Hanh, P. Long Hưng Q. Ô Môn - TP. Cân Thơ","167 Thái Thị Hanh, P. Long Hưng
Q. Ô Môn - TP. Cân Thơ",0,0.46878838539123535,0.0,0.018518518518518517
687.jpg,01GTKT0/001,0IGTKT0/001,0,0.15456533432006836,1.0,0.09090909090909091
298.jpg,Ngày mua/ Purchase Date: 19/07/2017,Ngày mua/ Purchase Date: X3 C20 X-,0,0.5334370136260986,0.6,0.2571428571428571
20.jpg,CÔNG TY TNHH INNOVGREEN THANH HOÁ,CÔNG TY TNHH INNOVGREEN THANH HÓA,0,0.28086209297180176,0.16666666666666666,0.06060606060606061
455.jpg,69524/1400240001/22122015,69524/1400240001/22122015,1,0.2563469409942627,0.0,0.0
572.jpg,Đơn vị bán hàng: ,tkm vị bán hàng:,0,0.3813307285308838,0.25,0.23529411764705882
155.jpg,0051145889999,0051 145889999,1,0.23878860473632812,2.0,0.07692307692307693
527.jpg,7008 1300 0001 3893 2513,ETS2 ELbgSE TnDD IDET SDDC2,0,0.5922219753265381,1.0,0.9583333333333334
368.jpg,mobifone,rTYOhi,0,0.21117782592773438,1.0,1.0
484.jpg,12.61,122GO1,0,0.248213529586792,1.0,0.6
633.jpg,Đơn vị bán hàng: CÔNG TY CỔ PHẦN THƯƠNG MẠI GIẢI TRÍ PHA LÊ XANH,Đi vị hán hàng: CÔNG TY CỔ PHẤN THƯƠNG MAI VÀ GIẢI TRÍ PHA LÊ XANH,0,0.7089705467224121,0.3333333333333333,0.125
21.jpg,240.784 USD,340.784 USD.,0,0.1646883487701416,1.0,0.18181818181818182
173.jpg,*729553,/29553,0,0.1327211856842041,1.0,0.2857142857142857
336.jpg,12787311101 - NH TMCP TIÊN PHONG - CN TP. HCM,12787311101 - NH TMCP TIÊN PHONG - CN TP. HCM,1,0.7776684761047363,0.0,0.0
495.jpg,Tiền Thanh Toán,Tiền Thanh Toán,1,0.42582225799560547,0.0,0.0
518.jpg,"TOTAAL 10,72",T0TRnlL,0,0.275956392288208,1.0,0.8333333333333334
345.jpg,BALANCE 4.74,"BRLRNCE 4, T4",0,0.27109646797180176,1.5,0.4166666666666667
480.jpg,Sainsbury's,Sainsburys,0,0.1495983600616455,1.0,0.09090909090909091
290.jpg,Tên đơn vị: CÔNG TY TNHH FASHY,Tên đơn vị: CÔNG TY TNHH FASHY,1,0.26804256439208984,0.0,0.0
600.jpg,"2039 Westminster mall Westminster, CA 92683","C833 Nestminster all
Hestminster, Cũ 906ô3",0,0.6350545883178711,1.0,0.23255813953488372
27.jpg,"24 Đường D3-KDC Nam Long, Phường Phước Long B, Quận 9, Thành phố Hồ Chí Minh","24 Đường D3-KDC Nam Long, Phường Phước Long B, Quận 9, Thành phố Hồ Chí Minh",1,0.562401294708252,0.0,0.0
274.jpg,"123 Cách Mạng Tháng Tám, P. 15, Q. 10, TP. HCM","123 Cách Mầng Tháng Tám,.P.15,.Q.10, Tp.HCM",0,0.2955470085144043,0.7272727272727273,0.15217391304347827
57.jpg,IN MINH CHÂU,"IN
MINH CHÂU",0,0.20600199699401855,0.0,0.08333333333333333
558.jpg,THỜI TRANG TQQ,THỜI TRANG TQQ,1,0.2051846981048584,0.0,0.0
157.jpg,Số: 0 0 0 0 1 7 8,sơ: 00001 78,0,0.15206193923950195,1.0,0.4117647058823529
96.jpg,TOTAL 12.61,"L

12.G1",0,0.18462228775024414,1.0,0.6363636363636364
284.jpg,"Địa chỉ (Address): Tầng 9 Technosoft, Duy Tân, Cầu Giấy, Hà Nội - Việt Nam - 01","Địa chỉ (4ddress): Tầng 9 TechnosoẾt, Duy Tả",0,0.5476295948028564,0.7058823529411765,0.4810126582278481
240.jpg,CRESCENT MALL - CCM Q.7 TP.HCM,"CRESCENT MALL -CCM
nDT TPHCM",0,0.3342282772064209,0.6666666666666666,0.2
651.jpg,Smoothie Factory,SmOotíihie (&CtOrV,0,0.5439198017120361,1.0,0.5
648.jpg,TESCO IRELAND,TESCO,0,0.15555047988891602,0.5,0.6153846153846154
231.jpg,số: 00006004,ss 0000G00 4,0,0.36864805221557617,1.5,0.3333333333333333
12.jpg,Metropolitan Library System,Metropolitan Library System,1,0.22465157508850098,0.0,0.0
303.jpg,Mã số thuế: 4200444916,Mã số thuế: 42004449 6,0,0.235914945602417,0.5,0.045454545454545456
308.jpg,CÔNG TY CỔ PHẦN DỊCH VỤ BAY TO LICH,côNG TY cổ PHẦN DỊCH VỤ BAY T0 LICH,0,0.23996591567993164,0.3333333333333333,0.14285714285714285
616.jpg,3700579807,1700570807,0,0.2391653060913086,1.0,0.2
412.jpg,Meet Fresh,Meztre,0,0.23459672927856445,1.0,0.5
570.jpg,Họ tên người mua hàng: Trần Thị Thanh,Hợ tên người mua hàng: Trần Thị Thanh,0,0.7514219284057617,0.125,0.02702702702702703
575.jpg,0106131034,0106131034,1,0.2899036407470703,0.0,0.0
302.jpg,84 Hùng Vương -P. Lộc Thọ -TP. Nha Trang -T. Khánh Hòa,84 Hùng Vương -P. Lộc Thọ -TP. Nha Trang -T. Khánh Hoà,0,1.6437926292419434,0.08333333333333333,0.037037037037037035
115.jpg,Công ty Agoda Company Pte. Ltd.,"Công ty Agoda Company Pte, Ltđ.",0,1.809352159500122,0.3333333333333333,0.06451612903225806
505.jpg,Ngày thu: 10-10-2018 12:09,6O: L 8LOế-OL-OL :nuN ÁCÙN,0,1.092968463897705,1.25,0.9230769230769231
86.jpg,33 Holborn London EC1N 2HT,33 Hol1born London EC1N 2HT,0,0.5559179782867432,0.2,0.038461538461538464
662.jpg,HEALTH-BEAUTY-COSMETICS,HEAL TH-BEAUTY-COSMETTCS,0,0.38310885429382324,2.0,0.08695652173913043
68.jpg,"54-56 Nguyễn Trãi, Phường Bến Thành, Quận 1, Thành Phố Hồ Chí Minh",54-56 Nguyễn Trãi. Phường Bến Thành. Quận 1. Thành Phố Hồ Chí Minh,0,0.8332653045654297,0.23076923076923078,0.045454545454545456
350.jpg,CÔNG TY TNHH ĐẦU TƯ SÀI GÒN THÁI LAI,CÔNG TY TNHH ĐẦU TƯ SÀI GÒN THÁI LAI,1,0.32994508743286133,0.0,0.0
649.jpg,SUB-TOTAL 111.60,SUB-TOTAI. 111.60,0,0.16968846321105957,0.5,0.125
294.jpg,"Số 4, Đường 13, Khu phố 5, Phường Bình Chiểu, Quận Thủ Đức, TP Hồ Chí Minh","Số 4, Đường 13, Khu phố 5, Phường Binh Chiếu, Quần Thủ Đức. TP Hồ Chí Minh",0,0.4635167121887207,0.23529411764705882,0.05405405405405406
305.jpg,Viễn thông Thành phố Hồ Chí Minh,Viễn thông Thành phố Hỗ Chí Minh,0,0.40884947776794434,0.14285714285714285,0.03125
225.jpg,"ANPHANAM INTERNATIONAL CO.,LTD","ANPHANAM INTERNAT LONAL CO.,LTD",0,0.40595459938049316,0.6666666666666666,0.06666666666666667
15.jpg,TẬP ĐOÀN XĂNG DẦU VIỆT NAM,TẬP ĐOÀN XĂNG DẦU VIỆT NAM,1,0.3253467082977295,0.0,0.0
577.jpg,CN Viettel Hà Nội - Tập đoàn Viễn Thông Quân Đội,CN Viettel Hả Nội - Tập đoản Viễn Thông Quân Đội,0,0.43230271339416504,0.18181818181818182,0.041666666666666664
330.jpg,Tổng cộng tiền thanh toán: 55.000.000,"ng cứng tán Nuudi tán;
Pri",0,0.346332311630249,1.0,0.6216216216216216
190.jpg,Ngày 15 tháng 2 năm 2012,Agáy 1X tiến: 5 sắm 20I2,0,0.5406219959259033,1.0,0.4166666666666667
251.jpg,Số HĐ: 104/T21800254644,số HĐ 1047T21800254 64 4,0,0.6960220336914062,1.6666666666666667,0.21739130434782608
559.jpg,ĐC: 1+3 LÃN ÔNG,ĐC: 13 LÃN ÔNG,0,0.19065594673156738,0.25,0.06666666666666667
175.jpg,CÔNG TY TNHH MÔI TRƯỜNG XANH BCT,CÔNG TY TNHH MÔI TRƯỜNG XANH BCT,1,0.2853729724884033,0.0,0.0
69.jpg,MEDIA MARKT GMBH,MEDTA MARKT GMBH,0,0.25034022331237793,0.3333333333333333,0.0625
268.jpg,Công ty TNHH một thành viên cấp nước và đầu tư xây dựng Đắk Lắk,Công ty TNHH một thành viên cấp nước vả đầu tư Xây dựng Đấk Lãlc,0,0.7193078994750977,0.26666666666666666,0.09523809523809523
35.jpg,"Tổng cộng tiền thanh toán: 826,057",Tổng cộng tiền thanh toán. 826.057,0,0.3003568649291992,0.3333333333333333,0.058823529411764705
30.jpg,012093-MAI NGUYỄN THANH TUYỀN,012093-MAI NGUYỄN THANH TUYỀ,0,0.3299295902252197,0.25,0.034482758620689655
64.jpg,271200217072,171200717072,0,0.16249537467956543,1.0,0.16666666666666666
466.jpg,10/05/11,10/05/11,1,0.14021992683410645,0.0,0.0
243.jpg,12/30/2012,12/30/20 12,1,0.17937707901000977,2.0,0.1
363.jpg,Tổng cộng tiền thanh toán: 1.380.000,Tổng cộng tiền thanh toán: 1-380.000,0,0.2661919593811035,0.16666666666666666,0.027777777777777776
477.jpg,06/10/2016 12:44 PM,00/10/201 12:44 PM,0,0.5519964694976807,0.3333333333333333,0.10526315789473684
362.jpg,CÔNG TY CỔ PHẦN LAWSOFT,CÔNG TY CỔ PHẦN LAWSOFT,1,0.2330629825592041,0.0,0.0
178.jpg,"44,000","44,000",1,0.13607454299926758,0.0,0.0
509.jpg,6652 Youree Dr,6652 Youree Dr,1,0.17496514320373535,0.0,0.0
332.jpg,Số: 0000001,Số 0000001,0,0.13851428031921387,0.5,0.09090909090909091
312.jpg,Total $10.62,TQTRHL 810. 062,0,0.32087111473083496,1.5,0.6666666666666666
637.jpg,"Địa chỉ: số 52, phố Hàng Bún, P. Quán Thánh, Q. Ba Đình, TP Hà Nội","Địa chỉ: S4 52, phố Hàng Hán, P Quản Thánh. Q. Ha Đinh. TP Hà Nội",0,0.8766794204711914,0.4375,0.15151515151515152
253.jpg,Tổng cộng tiền thanh toán 27.500.000,Tông cộng tiền thanh toán 37.500.000,0,0.3543062210083008,0.3333333333333333,0.05555555555555555
169.jpg,25.000.000,25.000.000,1,0.14833712577819824,0.0,0.0
13.jpg,Amount Due: 30.00,Amount Due: 30.00,1,0.2385709285736084,0.0,0.0
92.jpg,4:24 PM 7/29/98 WED,4124PH 7/29/98 UED,0,0.3900332450866699,0.75,0.21052631578947367
131.jpg,Họ tên người mua hàng: Nguyễn Văn Mạnh,Nguyễn Văn Mạnh,0,0.2908456325531006,0.625,0.6052631578947368
619.jpg,Số (No): 000,Số (Na r (XUOI,0,0.23891568183898926,1.0,0.6666666666666666
579.jpg,253.000,253.000,1,0.12656807899475098,0.0,0.0
7.jpg,CÔNG TY XXXXXXX,CôNG TY XOOOOOOE,0,0.2167055606842041,0.6666666666666666,0.5333333333333333
439.jpg,Mã KH: PA12TXTX39..,Mã KH PA17TXTX39 ..,0,0.21670842170715332,1.0,0.15789473684210525
351.jpg,"25/13 Đường số 59, Phường 14, Quận Gò Vấp, Tp.Hồ Chí Minh, Việt Nam","25/13 Đường số 59, Phường 14, Quận Gò Vấp, TP. Hồ Chí Minh, Việt Nam",0,1.2024869918823242,0.14285714285714285,0.029850746268656716
659.jpg,"TOTAL £1,841.93","TOTAL

1,841 .93",0,0.33074402809143066,1.0,0.2
120.jpg,Đơn vị bán hàng: CÔNG TY TNHH NATURAL SHOP,Đơn vị bản hàng : CÔNG TY TNHH NATURAL SHOP,0,1.2157042026519775,0.3333333333333333,0.047619047619047616
397.jpg,CÔNG TY CỔ PHẦN KỸ THUẬT CƠ KHÍ VÀ ĐIỀU KHIỂN TỰ ĐỘNG,"AT A TULN Xy11X 1LẤVỹ CY12A 1 /XUN,",0,2.06472110748291,1.0,0.8113207547169812
74.jpg,Đ/C: 198 Nguyễn Văn Linh,Đ/C: 198 Nguyễn Van Lanh,0,0.4165472984313965,0.4,0.08333333333333333
388.jpg,"Địa chỉ: 248 Lê Thanh Nghị, Đồng Tâm, Hai Bà Trưng, Hà Nội","Địa chỉ: 345 Lê Thanh Nghị. Đồng Tâm, Hai Bã Trưng, Hà Nội",0,0.8258726596832275,0.23076923076923078,0.06896551724137931
94.jpg,0004 2127-0004,0004 2127-0004,1,0.18199896812438965,0.0,0.0
325.jpg,Tên khách hàng: HOANG KIM THOA,VCOHLL ININ 9)NVOII tụt t(YI HỖ,0,0.7375407218933105,1.0,0.9666666666666667
10.jpg,Chi Nhánh Kim Mã - Công ty TNHH Một Thành Viên Khách Sạn AZUMAYA,"Km Ma - Công ty TNHH Một Thanh Viên Khách San
A2UMAYA",0,0.36159324645996094,0.5,0.25
146.jpg,Chipotte,Clupollz,0,0.1581721305847168,1.0,0.625
212.jpg,Giao dich: 2410020105-063601,Hịao dịch: 2410020105-06301,0,0.4571356773376465,1.0,0.14285714285714285
100.jpg,CÔNG TY TRÁCH NHIỆM HỮU HẠN TECH ONE,CôNG TY TRÁCH NHIỆM HỮU HẠN TECH 0NE,0,0.5213940143585205,0.25,0.05555555555555555
673.jpg,"TOTAL BEF 554,00 13,73",TUTRC,0,0.16198420524597168,1.0,0.9090909090909091
333.jpg,CÔNG TY TNHH KẾ TOÁN VINA,CÔNG TY TNHH KẾ TOÁN VINA,1,0.2576920986175537,0.0,0.0
598.jpg,Date: 6-19-02,Dates 6-19-80,0,0.27571606636047363,1.0,0.23076923076923078
541.jpg,Đơn vị bán hàng: Trung tâm kinh doanh VNPT - Bình Định - Chi nhánh Tổng công ty Dịch vụ Viễn thông,Đơn v( bán hàng: Trung tâm Kinh doanh VNPT - Binh Định - Chỉ nhánh Tổng công ty Dịch vụ Viễn thông,0,1.4150164127349854,0.18181818181818182,0.04081632653061224
348.jpg,Tên khách hàng (Customer name): Phan Viet Trieu,Tên khách hảng (Customer name): Phan Viet Trieu,0,0.5972352027893066,0.125,0.02127659574468085
411.jpg,TOTAL TO PAY f200.00,T0TAI. TO PAY E200. 00,0,0.34951114654541016,0.75,0.25
447.jpg,CÔNG TY CỔ PHẦN VIỄN THÔNG FPT,CÔNG TY CỔ PHẦN VIỄN THÔNG FPT,1,0.2847480773925781,0.0,0.0
286.jpg,Đơn vị bán hàng: CÔNG TY TNHH CƠ KHÍ VÀ TỰ ĐỘNG HÓA CÔNG NGHIỆP,Đơn vị bán hàng CÔNG TY TNHH CƠ KHÍ VẢ TỰ ĐỒNG HỐA CỔNG NGHIỆP:,0,0.5971708297729492,0.4,0.09523809523809523
31.jpg,Bill Value,Bill Value:,0,0.17553496360778809,0.5,0.1
429.jpg,Giao dich: 2410020105-063601,Hiao dịch: 24100/20U1(5-05,0,0.4232521057128906,1.0,0.35714285714285715
564.jpg,12391631881,125916351881,0,0.2637214660644531,1.0,0.18181818181818182
179.jpg,CÔNG TY TNHH THƯƠNG MẠI DỊCH VỤ THIÊN ƯNG,CÔNG TY TNHH THƯƠNG MẠI DỊCH VỤ THIÊN ƯNG,1,0.6246376037597656,0.0,0.0
259.jpg,Số HĐ: 1047T21800259608,Số Hồ 1047T21800259608,0,0.5256283283233643,0.3333333333333333,0.08695652173913043
226.jpg,"NO.20,BODE STREETLONG BIEN DIST., HA NOI","N0.20,B00E STREETLONG BIEN DIST., HANOI",0,0.25650477409362793,0.5,0.1
474.jpg,CÔNG TY CỔ PHẦN ĐẦU TƯ CÔNG NGHỆ VÀ THƯƠNG MAIN SDS-999,T CÔNG NGHỆ VÀ THƯƠNG MẠI SDS -999,0,0.46460723876953125,0.75,0.43636363636363634
652.jpg,Time: 11:56:19,Time: 11:56:19,1,0.3701756000518799,0.0,0.0
560.jpg,CÔNG TY CỔ PHẦN GANG THÉP THÁI NGUYÊN (TISCO),CÔNG TY CỔ PHẦN GANG THẾP THÁI NGUYÊN (TISCO),0,0.5603337287902832,0.1111111111111111,0.022222222222222223
340.jpg,Số: 8202391,Sốố 8202191,0,0.3263740539550781,1.0,0.18181818181818182
574.jpg,CÔNG TY CỔ PHẦN XÂY DỰNG NEW FUTURE,CÔNG TY CỔ PHÀN XÂY DỰNG NEW FUTURE,0,0.45812320709228516,0.125,0.02857142857142857
440.jpg,Tổng cộng tiền thanh toán: 251.933,Tổng công tiền thanh toán: 261.933,0,0.47652697563171387,0.3333333333333333,0.058823529411764705
394.jpg,2-6155-2093-0080-5770-4,2-6155-2093-0080- 5770-4,1,0.26358771324157715,2.0,0.043478260869565216
322.jpg,Họ và Tên khách hàng (Full name of the Buyer): Cafe Quỳnh Linh,HọovờIên khóchhởng/ FutnomeoheBoyei Cadte Quỳnh Linh,0,0.7828450202941895,0.8461538461538461,0.3870967741935484
119.jpg,TRUNG TÂM DỊCH VỤ LỐP XE LỘC XUÂN,TRUNG TÂM DỊCH VỤ LỐP XE LỘC XUÂN,1,0.3614335060119629,0.0,0.0
614.jpg,CÔNG TY TNHH UNIGEN VIỆT NAM,CÔNG TY TNHH UNIGEN VIỆT NAM,1,0.29066896438598633,0.0,0.0
453.jpg,Viettel Hà Nội - Chi nhánh Tập Đoàn Viễn Thông Quân Đội,Victtel Hà Nội - Chi nhánh Tập Đoàn Viễn Thông Quân Đội,0,0.5241184234619141,0.08333333333333333,0.01818181818181818
271.jpg,6000175995,6000175995,1,0.22700786590576172,0.0,0.0
201.jpg,CÔNG TY TNHH MỘT THÀNH VIÊN THƯƠNG MẠI VÀ DU LỊCH NẮNG HỒNG,CÔNG TY TNHH MỘT THÀNH VIÊN THƯƠNG MẠI VÀ DU LỊCH NẮNG HỒNG,1,1.1744060516357422,0.0,0.0
642.jpg,"226 Tô Ký, Khu phố 2, Phường Đông Hưng Thuận, Quận 12, TP. Hồ Chí Minh","226 Tô Kỷ, Khu phố 2, Phường Đông Hưng Thuận, Quận 12, TP. Hồ Chi Minh",0,0.47347044944763184,0.125,0.02857142857142857
494.jpg,MY HOME,"MY HƠMH,",0,0.38273024559020996,0.5,0.42857142857142855
375.jpg,8255A001 11:38,n2XEC A001 111150,0,0.32840728759765625,1.5,0.6428571428571429
85.jpg,Sainsbury's Supermarkets Ltd,Sainsbur-ys Supermarkets Ltd,0,0.6234300136566162,0.3333333333333333,0.07142857142857142
438.jpg,Công ty Điện lục Tuyên Quang - Điện lực Thành Phố,Công ty Điện lực Tuyên Quang - Điện lực Thành Phố,0,0.8456692695617676,0.09090909090909091,0.02040816326530612
113.jpg,Tổng cộng tiền thanh toán (Grand total) (1 + 2): 263.791,"ống cộng tiền thanh toán (Grand roral) (1-2)

 

263 701",0,0.5474903583526611,0.5454545454545454,0.23214285714285715
89.jpg,CÔNG TY TNHH VĂN PHÒNG PHAM GIA BAO,CÔNG TY TNHH VĂN PHÒNG PHẨM GIA BẢO,0,0.29200243949890137,0.25,0.05714285714285714
46.jpg,Đơn vị bán hàng: CÔNG TY TNHH THIẾT BỊ NHA KHOA VIỆT - LAB,"i bán hàng: CÔNG TY TNHH THI

 

7 Đơn",0,0.39784884452819824,0.6428571428571429,0.5
186.jpg,"110, Tôn Dật Tiên, Q7","110, Tôn Diất Tiên, Q7",0,0.33431434631347656,0.2,0.09523809523809523
317.jpg,DE 228434583,UE 220434503,0,0.21025371551513672,1.0,0.25
233.jpg,Tổng cộng tiền thanh toán: 251.933,Í Tổng công tiền thanh toán 251.933,0,0.3290212154388428,0.5,0.11764705882352941
62.jpg,20/02/2017,20/02/2017,1,0.18408989906311035,0.0,0.0
529.jpg,Datum 20.12.14 18:45 Uhr,"Datum 20.12, 14 18:45 Uhr",0,0.2121744155883789,0.5,0.08333333333333333
293.jpg,10.450.000,10.450.000,1,0.13820338249206543,0.0,0.0
90.jpg,Tổng cộng tiền thanh toán: 5580762,Tổng cộng tiền thanh toán:,0,0.18612957000732422,0.16666666666666666,0.23529411764705882
143.jpg,"156,886,800","156,886,500",0,0.15071463584899902,1.0,0.09090909090909091
200.jpg,0204 01 0227 125,0204 01 0227 125,1,0.18069767951965332,0.0,0.0
443.jpg,ID HĐ: 26911396,1D HĐ 26911396,0,0.3270256519317627,0.6666666666666666,0.13333333333333333
8.jpg,Số (No.): 0000000,Số(aNo) QQQOOOOO,0,0.4533073902130127,1.0,0.7058823529411765
170.jpg,AutoZone 2506,AutoJong 2506,0,0.1978614330291748,0.5,0.15384615384615385
465.jpg,TOTAL 1.49,TOTAL 1.49,1,0.14891338348388672,0.0,0.0
150.jpg,Balance Due 17.72,"Manee Due

1.72",0,0.2238903045654297,0.6666666666666666,0.4117647058823529
78.jpg,Địa chỉ: 3F.31Crescent Mall Q.7 Tp.HCM,Địa chỉ:,0,0.19037818908691406,0.6666666666666666,0.7894736842105263
254.jpg,Đơn vị bán hàng: Công ty cổ phần đầu tư và công nghệ Việt Hưng,Đơn vị bán hàng: Công ty cô phản đầu tư và công nghệ,0,0.5757260322570801,0.26666666666666666,0.1935483870967742
291.jpg,Tổng cộng tiền thanh toán: 27.500.000,"g cộng tiên thanh
toán: 27.500.000",0,0.32405877113342285,0.3333333333333333,0.13513513513513514
591.jpg,Đơn vị bán hàng: CÔNG TY TNHH TƯ VẤN ĐÀO TẠO TDC,Đơn vị bán hàng: CÔNG TY TNHH TƯ VẤN ĐÀO TẠO TDC,1,0.8280189037322998,0.0,0.0
650.jpg,"TOTAL 48,000",TOTAL,0,0.41382908821105957,0.5,0.5833333333333334
211.jpg,"101 Ton Dat Tien, Phu My Hung, District 7, Ho Chi Minh City.","101 Ton Dat Tien, Phu Hý Hung,
District 7, Ho Chí Minh tity.",0,1.2176313400268555,0.23076923076923078,0.08333333333333333
219.jpg,Từ ngày: 13/09/2012,Từ ngày13/09/012,0,0.3038632869720459,0.6666666666666666,0.15789473684210525
199.jpg,2/25/12 5:21 PM,2/25/12 5:21 PH,0,0.20738816261291504,0.3333333333333333,0.06666666666666667
663.jpg,Công ty A,Cêng 9 A,0,0.2985413074493408,0.6666666666666666,0.3333333333333333
101.jpg,Tupperware,Tuppervare,0,0.20761609077453613,1.0,0.1
167.jpg,Số (No): 0373135,số (No) 0373135,0,0.23746919631958008,0.6666666666666666,0.125
632.jpg,Số: 0000001,0000001,0,0.2085423469543457,0.5,0.36363636363636365
265.jpg,MR. CHAMPONG KING,MR. CHAMIPONG KING,0,0.5894150733947754,0.3333333333333333,0.058823529411764705
269.jpg,"Số 339 Tôn Đức Thắng, Phường Tân An, TP.Buôn ma Thuột, Tỉnh Đắk Lắk, Việt Nam","Số 339 Tôn Đức Thăng. Phường Tân An, TP Buôn Ma Thuột. Tinh Đăk Lãk Việt Nam",0,0.7409019470214844,0.5,0.11688311688311688
427.jpg,"Tong cong: 179,000","Tong cong: 173,000",0,0.21724843978881836,0.3333333333333333,0.05555555555555555
501.jpg,Total 209.62,4Ì vui,0,0.161590576171875,1.0,0.9166666666666666
346.jpg,CÔNG TY CỔ PHẦN VIỄN THÔNG FPT,CÔNG TY CÔ PHÂN VIÊN THỐNG FPT,0,0.5908248424530029,0.5714285714285714,0.13333333333333333
584.jpg,Tổng cộng tiền thanh toán: 1.380.000,Tổng công tiến thanh toán 1-380.000,0,0.42916011810302734,0.6666666666666666,0.1111111111111111
163.jpg,Trung tâm kinh doanh VNPT - Hà Nội - Chi nhánh tổng công ty Dịch vụ Viễn thông,Trung tâm Kinh doanh VNPT - Hà Nội - Chi nhánh Tổng công Wy Dịch vụ Viễn thông,0,0.626035213470459,0.16666666666666666,0.038461538461538464
22.jpg,CÔNG TY CP THƯƠNG MAI & DU LỊCH MINH THÀNH,CÔNG TY CP THƯƠNG MẠI & DU LỊCH MINH THÀNH,0,0.32113218307495117,0.1,0.023809523809523808
6.jpg,Tổng cộng tiền thanh toán: 284680000,TỔng cộng tiền thanh toán............... Đề L2 7,0,0.6966753005981445,0.8333333333333334,0.6666666666666666
688.jpg,CÔNG TY CỔ PHẦN MEDIAMART VIỆT NAM,CÔNG TY CỔ PHẦN MEDIAMART VIỆT NAM,1,0.7046165466308594,0.0,0.0
23.jpg,MÃ GIAO DỊCH: 007703,HẢ GIê() DỊCH: 007703,0,1.1917510032653809,0.5,0.25
205.jpg,99.000.000,99.000.00đ,0,0.21769452095031738,1.0,0.1
404.jpg,Số: 0000007,Số: 0000007,1,0.17466211318969727,0.0,0.0
192.jpg,Số: 000089,Số: 000089,1,0.30478882789611816,0.0,0.0
241.jpg,NV: TAN.NT,NV: TANNT,0,0.20825743675231934,0.5,0.1
519.jpg,26/08/2013 11:00,26/08/2013 1ì 00,0,0.36441588401794434,1.0,0.125
14.jpg,Đơn vị bán hàng: CÔNG TY TNHH DỊCH VỤ DU LỊCH VÀ THƯƠNG MẠI QUANG HUY,Đơn vị bán hàng: CÔNG TY TNHH DỊCH VỤ DU LỊCH VÀ THƯƠNG MẠI QUANG HUY,1,0.8515043258666992,0.0,0.0
255.jpg,Cty ABC,Ctu&EC,0,0.1746838092803955,1.0,0.5714285714285714
121.jpg,Họ tên người mua hàng: Người mua không lấy hóa đơn,Người mua không lấy hóa đơn.,0,0.24564313888549805,0.5454545454545454,0.48
334.jpg,0312787311,0312787311,1,0.1557466983795166,0.0,0.0
684.jpg,Shalala Cresent Mall,Shalala Crescent Mail,0,0.2687385082244873,0.6666666666666666,0.1
626.jpg,"Lau 2 - 19 Cao Thang,Quan 3,HCM","Lau 2 - 19 Cao Thang,0uan 1.NCM",0,0.3524210453033447,0.2857142857142857,0.12903225806451613
410.jpg,Sainbury's,SainsbUrys,0,0.24193739891052246,1.0,0.3
244.jpg,Receipt #108772,Receipt 108772,0,0.3473398685455322,0.5,0.06666666666666667
384.jpg,"Đơn vị bán hàng: Trung Tâm Kinh Doanh VNPT - Hòa bình, Chi Nhánh Tổng Công Ty Dịch Vụ Viễn Thông","Đơn vị bán hảng: Trung Tầm Kinh Doanh VNPT - Hoả Bình, Chi Nhánh Tổng Cổng Ty Dịch Vụ Viễn Thống:",0,1.5579674243927002,0.2857142857142857,0.08333333333333333
148.jpg,11:40 AM,11:4U ÂM,0,0.16113042831420898,1.0,0.25
133.jpg,BIÊN BẢN THU HỒI HÓA ĐƠN ĐÃ LẬP.,BIÊN BẢN THU HÔI HOÁ ĐƠN ĐÃ LẬP.,0,0.7156636714935303,0.25,0.09375
207.jpg,CÔNG TY TNHH THƯƠNG MẠI DỊCH VỤ VẬN TẢI SLM SÀI GÒN,CÔNG TY TNHH THƯƠNG MẠI DỊCH VỤ VẬN TẢI SLM SÀI GÒN,1,0.3618650436401367,0.0,0.0
128.jpg,Mẫu số: 01GTKT0/005,"Mãu số:

0IGTKT0/005",0,0.23398184776306152,0.6666666666666666,0.21052631578947367
135.jpg,"ĐC: 58 Đường Yersin, P.Phương Sài, TP.Nha Trang, Khánh Hòa","ĐC: 58 Đường Yersin, P. Phương Sài, TP.Nha Trang, Khánh Hòa",1,0.6626081466674805,0.2,0.017241379310344827
216.jpg,EVNNPC,EVNNPC,1,0.14646363258361816,0.0,0.0
640.jpg,"Địa chỉ: Tầng 9 Technosoft, Duy Tân, Cầu Giấy, Hà Nội - Việt Nam - 01","Địa chỉ: Tầng 9 Technosot, Duy Tân, Cầu Giấy, Hà Nội - Việt Nam - 01",0,1.000648021697998,0.0625,0.014492753623188406
280.jpg,Tên khách hàng (Customer name): Cong Ty Luat Trach Nhiem Huu Han Sao Viet,Tên khách hàng (Customer name): Cong Ty Luat Trach Nhiem Huu Han Sao Viet,1,1.1115903854370117,0.0,0.0
149.jpg,DINE IN Total 17.72,nm,0,0.12089228630065918,1.0,1.0
665.jpg,132.000.000,.000.000,0,0.1244516372680664,1.0,0.2727272727272727
189.jpg,Cty ABC,Ctu&EC,0,0.1885535717010498,1.0,0.5714285714285714
122.jpg,Tổng cộng tiền thanh toán: 155.000,Tổng cộng tiền thanh toán,0,0.26746678352355957,0.3333333333333333,0.2647058823529412
138.jpg,CÔNG TY CỔ PHẦN NGUỒN LỰC CỘNG ĐỒNG,mm H,0,0.582521915435791,1.0,0.9428571428571428
301.jpg,CÔNG TY CỔ PHẦN MÔI TRƯỜNG ĐÔ THỊ NHA TRANG,CÔNG TY CỔ PHẦN MÔI TRƯỜNG ĐÔ THỊ NHA TRANG,1,0.4720909595489502,0.0,0.0
242.jpg,CÔNG TY TNHH ĐẦU TƯ VÀ CÔNG NGHỆ AN TIẾN,CÔNG TY TNHH ĐẦU TƯ VÀ CÔNG NGHỆ AN TIẾN,1,0.2886373996734619,0.0,0.0
147.jpg,09/08/2008,09/08/2008,1,0.20006418228149414,0.0,0.0
525.jpg,"Shady Collection Agency, Inc.","Shady Collection Agency, Tnc.",0,0.22267651557922363,0.25,0.034482758620689655
300.jpg,CÔNG TY CỔ PHẦN VẬN TẢI SAO MAI,CÔNG TV CỔ PHẦN VẬN TổI SRO MRI,0,0.7268106937408447,0.5,0.12903225806451613
557.jpg,Mã số thuế	: 0302654864,Mã số thuế 03026546864,0,0.49048662185668945,0.4,0.13043478260869565
629.jpg,CÔNG TY TNHH TƯ VẤN VIỆT LUẬT,CÔNG TY TNHH TƯ VẤN VIẾT LUẬT,0,0.9972939491271973,0.14285714285714285,0.034482758620689655
194.jpg,"Địa chỉ: Số 30, Bạch Mai, Hai Bà Trưng, Hà Nội","Địa chỉ: Số 30, Bạch Mai, Hai Bà Trưng, Hà Nội",1,0.4636423587799072,0.0,0.0
99.jpg,Your cashier today was Marquita,Your cashier today uas Maruita,0,0.2786986827850342,0.4,0.06451612903225806
675.jpg,0633 20 0150 22087935,0633 20 0150 22087935,1,0.4344947338104248,0.0,0.0
220.jpg,Đến ngày: 20/09/2012,"rYễn ngàyv:

30/09/2012",0,0.2444155216217041,1.0,0.35
685.jpg,"BF1 - FS13, TTTM Crescent Mall 101 Tôn Dật Tiên, Quận 7, TP.HCM","BF1 - F513, TIN Crescent Mail 101 Tôn Dật Tiên,
Quận 7, TPHCM",0,0.8179066181182861,0.3076923076923077,0.1111111111111111
374.jpg,02/12/87,02/13/87,0,0.203582763671875,1.0,0.125
237.jpg,VALENTINO CREATIONS,VALENTINO CREATIONS,1,0.22611427307128906,0.0,0.0
562.jpg,Tên đơn vị: CÔNG TY CỔ PHẦN ĐẦU TƯ VẠN PHÚC GIA,Tên đơn vị z-.: CÔNG TY CÔ PHẢN ĐẦU TƯ VẠN PHÚC GIÁ,0,0.5580003261566162,0.4166666666666667,0.14893617021276595
571.jpg,HÓA ĐƠN BÁN HÀNG,HỐA ĐƠN BẤN HÀNG:,0,0.16645145416259766,0.75,0.1875
82.jpg,"481/5 Và 481/11 Đường Trường Chinh, Phường 14, Quận Tân Bình, Tp. Hồ Chí Minh","481/5 Và 481/11 Đường Trường Chinh, Phường 14, Quận Tân Bình, TP. Hồ Chí Minh",0,0.7174639701843262,0.06666666666666667,0.012987012987012988
462.jpg,LIDL&Cia - LAGOA - PARCHAL,- LIG2A - PARCHAL,0,0.3360612392425537,0.4,0.4230769230769231
592.jpg,Tên đơn vị: CÔNG TY TNHH TM DV PHÁT ĐẠT,tên đơn vị: .. CÔNG TY TNHH TM DV PHÁT ĐẠT,0,0.5848026275634766,0.2,0.10256410256410256
497.jpg,Manhattan Beach Post,"Hanhattan tea,",0,0.19543004035949707,1.0,0.45
507.jpg,Công ty Điện lực Tuyên Quang - Điện lực Thành Phố,"Công ty Điện lực Tuyên Quang - Đi

 

lực Thành Phố",0,0.47128987312316895,0.09090909090909091,0.08163265306122448
448.jpg,"Địa chỉ: Tầng 2, Tòa Nhà FPT Cầu Giấy, Phố Duy Tân","Địa chỉ: Tầng 2, Tòa Nhà FPT Cầu Giấy, Phố Duy Tân",1,0.3358116149902344,0.0,0.0
229.jpg,Tổng tiền 3.573.681,"Tổng tiền

3.573.681",0,0.5179440975189209,0.0,0.10526315789473684
513.jpg,05/29/2011,05/29/2011,1,0.32875800132751465,0.0,0.0
467.jpg,LINCOLN 2 0845 6779423,LTNCOLN 2 0845 6779423,0,0.5277228355407715,0.25,0.045454545454545456
692.jpg,"Tổng cộng tiền thanh toán: 121,000,000","Tổng cộng tiền thanh toán: 121,000,000",1,1.1275579929351807,0.0,0.0
136.jpg,4200238007,420023S007,0,0.21465826034545898,1.0,0.1
670.jpg,Carrefour,Carreour,0,0.19147992134094238,1.0,0.1111111111111111
249.jpg,"12 Lương Hữu Khánh, P. Phạm Ngũ Lão, Q.1","12 Luơng Hữu Khánh, P.Phạnm Ngũ Lắc, Ù. 1",0,1.266587495803833,0.6666666666666666,0.175
50.jpg,Thành tiền,Thành tiền,1,0.29143619537353516,0.0,0.0
196.jpg,Hồng Hạnh,Hồng Hạnh,1,0.1645050048828125,0.0,0.0
554.jpg,Tên đơn vị phát hành hóa đơn: Công ty cổ phần Cảng Đà Nẵng,Tên đơn vị phát hành hóa đơn: Công ty cỗ phần Căng Đà Nâng,0,0.42865729331970215,0.21428571428571427,0.05172413793103448
611.jpg,CÔNG TY TNHH AN BÌNH,CÔNG TY TNHH AN BÌNH,1,0.8034636974334717,0.0,0.0
117.jpg,TUẤN OANH,TuấN OaNH,0,0.4641132354736328,1.0,0.3333333333333333
38.jpg,TỔNG SỐ TIỀN THANH TOÁN (đ) 367.983,TỐNG SỐ TIẾN THANH TOÁN (6C 2060 Í - 7H,0,1.023836374282837,1.0,0.4
361.jpg,"Địa chỉ: 99B Tổ 70, Hồ Quỳnh, P.Thanh Nhàn, Q. Hai Bà Trưng, TP. Hà Nội","Địa (u 9W Tổ 7I, Hà Quirê. F Thanh: Mhám. ( Hai EM Tương. 1P Hà Nế",0,1.2409741878509521,0.8125,0.4225352112676056
309.jpg,HOÁ ĐƠN GIÁ TRỊ GIA TĂNG,HÓA ĐƠN GIÁ TRỊ GIA TĂNG,0,0.3464188575744629,0.16666666666666666,0.08333333333333333
47.jpg,Tên đơn vị: Bệnh Viện Bưu Điện,Tên đơn vị........ Í eandv.VỦya...D,0,0.5765020847320557,0.7142857142857143,0.7666666666666667
537.jpg,Số tiền viết bằng chữ: Năm mươi bốn triệu đòng chẵn.,Số tiền viết băng chữ: Năm mươi bốn triệu đồng chần.,0,0.8700988292694092,0.2727272727272727,0.057692307692307696
281.jpg,440.000,440.000,1,0.14467930793762207,0.0,0.0
489.jpg,01/09/2016 16:37,01/09/2016 16:37,1,0.24859237670898438,0.0,0.0
79.jpg,Số hóa đơn: BL.160801.1.00001,Số hóa đơn: BL.160801.1.000O1,0,0.805598258972168,0.25,0.034482758620689655
48.jpg,"Tổng cộng tiền thanh toán: 31,912,000","Tổng cộng tiền thanh toán: - 2 .2 (z0. VN,",0,0.9691681861877441,0.8333333333333334,0.35135135135135137
485.jpg,04/18/15 05:47PM,04/18/15 05:47PM,1,0.3390979766845703,0.0,0.0
356.jpg,08/09/2018 12:15,08/09/2018 12:15,1,0.20933270454406738,0.0,0.0
472.jpg,"239/4 Nguyễn Văn Công, Phường 3, Quận Gò Vấp, Tp. Hồ Chí Minh, Việt Nam","239/4 Nguyễn Văn Công, Phường 3, Quận Gò Vấp, TP. Hồ Chí Minh, Việt Nam",0,0.5203902721405029,0.06666666666666667,0.014084507042253521
419.jpg,Tong cong:,Tnng t0:,0,0.18866372108459473,1.0,0.5
436.jpg,25.388.000,25.388.000,1,0.19982147216796875,0.0,0.0
387.jpg,Đơn vị bán hàng: CÔNG TY CPTM TIN HỌC TIẾN ĐẠT,Đến vị Ma bàng CÔNG TY CPTM TIN HỌC TIẾN ĐẠT,0,0.7936692237854004,0.2727272727272727,0.13043478260869565
511.jpg,YOUR CASHIER WAS AMY,Y0UR CASHIER UAS AMY,0,0.3562290668487549,0.5,0.1
578.jpg,Nguyễn Minh Hùng,Nguyễn Minh Hùng,1,0.17651796340942383,0.0,0.0
292.jpg,Công ty Cổ phần An Huy,Công ty Cổ phần An Huy,1,0.359281063079834,0.0,0.0
208.jpg,Robins @Crescent HCM,Pdbins 6trescerrt HCH,0,0.3451406955718994,1.0,0.35
486.jpg,"2431 W. MONTROSE, CHICAGO, IL","2431 W. MONTROSE, CHICAGO, IL",1,0.46970224380493164,0.0,0.0
11.jpg,Công ty TNHH FUKOKU Việt Nam,Công ty TNHH FUKOKU Việt Nam,1,0.23804807662963867,0.0,0.0
304.jpg,ngày 29 tháng 12 năm 2017,Tgày 20 tháng/)2 năm 2077,0,0.3310372829437256,0.8333333333333334,0.2
144.jpg,NGUYỄN CƯỜNG,NGUYÊỀN CƯỜNG,0,0.19188308715820312,0.5,0.16666666666666666
109.jpg,"41, Mạc đỉnh Chi, Phường 1, Quận 1, Tp.HCM","41, Mạc đỉnh Chỉ, Phường 1, Quản 1, Tp.HCM",0,0.28380632400512695,0.2222222222222222,0.047619047619047616
299.jpg,Sổ biên lai: 123,Số biên lai: 4 423,0,0.328873872756958,0.75,0.25
185.jpg,Tổng tiền: 75 000,75 0,0,0.12954187393188477,0.75,0.7647058823529411
151.jpg,703-435-0888,T03-435-08B8,0,0.15052533149719238,1.0,0.16666666666666666
413.jpg,Date: 07.10.2017,Date: 07.10.2017,1,0.16906213760375977,0.0,0.0
630.jpg,"Tầng 5, Số 100, Thái Hà, Đống Đa, Thành phố Hà Nội","Tầng 5, Số 100, Thái Hà, Đếng Đa, Thành phố Hả Nội",0,0.6581525802612305,0.16666666666666666,0.04
625.jpg,13/02/2018 20:34,13/02/2018 20:34,1,0.17132902145385742,0.0,0.0
355.jpg,"Tiền thanh toán: 44,000","Tiền thanh toán: 44,000",1,0.5754127502441406,0.0,0.0
40.jpg,Total 185.26,Totai 185.26,0,0.804938793182373,0.5,0.08333333333333333
676.jpg,MORRISONS,MORRTSONS,0,0.47642946243286133,1.0,0.1111111111111111
182.jpg,ngày 16/10/2017,ngày 16/10/2017,1,0.16148066520690918,0.0,0.0
543.jpg,Tổng cộng tiền thanh toán (Grand total) (1 + 2):,Tổng cộng tiền thanh toán (Grand total) (12):,0,0.3281881809234619,0.3,0.0625
183.jpg,19.800.000,19.800.000,1,0.3060019016265869,0.0,0.0
87.jpg,Vat Number: 660 4548 36,Vat Number :- 66O 4548 36,0,0.7373340129852295,0.6,0.13043478260869565
248.jpg,Satrafoods Lương Hữu Khánh,Satra oods Lương Hữu Khánh,0,0.5760338306427002,0.5,0.038461538461538464
371.jpg,"Phải trả: 6,398,000","Phải trả: 6,398,000",1,0.3758065700531006,0.0,0.0
441.jpg,Ngày ký: 23/02/2015,Ngày ký: 23/02/2015,1,0.3792603015899658,0.0,0.0
639.jpg,Tên doanh nghiệp: Công ty Trách nhiệm hữu hạn ABC - DEF,Tên doanh nghiệp: Công ty Trách nhiệm hữu hạn ABC-DEF,1,0.37975549697875977,0.25,0.03636363636363636
646.jpg,30-06-2014 13:31,30-06-2014 13:31,1,0.5830917358398438,0.0,0.0
202.jpg,0 3 1 4 0 3 4 8 6 7,0314034867,1,0.21448755264282227,1.0,0.47368421052631576
32.jpg,"1,076,400","1,076,400",1,0.1696169376373291,0.0,0.0
59.jpg,Đơn vị bán hàng: CHI NHÁNH CÔNG TY CP THƯƠNG MẠI LẠNG SƠN TẠI HUYÊN VĂN QUAN,Đơn V4 hé/MiN9V MJ/KMÁNH CÔNG TY CP THƯƠNG MẠI LẠNG SƠN TẠI HUYỆN VĂN QUAN,0,1.3541059494018555,0.35294117647058826,0.23684210526315788
544.jpg,Sainsbury's,SainsbUryS,0,1.0974290370941162,1.0,0.2727272727272727
617.jpg,Company: Công ty TNHH ABC,",:..Công tyTNHH ABC",0,0.5245625972747803,0.8,0.4
16.jpg,0100107370,0100107370,1,0.15094685554504395,0.0,0.0
95.jpg,ALDI,ALDT,0,0.2272624969482422,1.0,0.25
275.jpg,Số (No.): 0000000,Số/Nor 0000000,0,0.3302278518676758,0.6666666666666666,0.29411764705882354
463.jpg,No : TV0333006120601-000238,No : TV033GOOD1/(,0,0.3289670944213867,0.3333333333333333,0.5925925925925926
26.jpg,CÔNG TY TNHH HÀNG DƯƠNG NAM LONG,CÔNG TY TNHH HÀNG DƯƠNG NAM LONG,1,0.38835906982421875,0.0,0.0
669.jpg,"Tổng cộng tiền thanh toán: 3,573,681","am E
Tổng cộng tiền thanh Ìoẩn 3.573.681",0,0.36257100105285645,0.6666666666666666,0.2777777777777778
681.jpg,"549,001,200","549,001,200",1,0.14644479751586914,0.0,0.0
164.jpg,"Tổng cộng tiền thanh toán (Grand total) (C) = (A + B): 131,393","Tổng cộng tiền thanh toán (Grand total) (CJ- (A-B)

 

131.393",0,0.41440892219543457,0.46153846153846156,0.1774193548387097
360.jpg,Công ty TNHH Phát Triển Công nghệ Thái Sơn,( êng ty TNMH Phít Triến ( êng ng,0,0.38861799240112305,1.0,0.47619047619047616
209.jpg,Ngay: 8/7/2016,Ngay: 60/7/2016,0,0.2655816078186035,0.5,0.14285714285714285
266.jpg,TỔNG CỘNG,TỔNG CỘNG,1,0.23173213005065918,0.0,0.0
618.jpg,"123 Cách Mạng Tháng Tám, P. 15, Q. 10, TP. HC","123 Cách Mầng Tháng Tám, P.15,.Q.10, Tp.HC",0,1.5122020244598389,0.6363636363636364,0.13333333333333333
44.jpg,"Số 2, ngõ 132, đường Phạm Văn Đồng, Phường Xuân Đỉnh, Quận Bắc Từ Liêm, Thành phố Hà Nội, Việt Nam","- ngõ 132, đường Phạm Văn Đông, Phường Xuân Đình, Quận Bắc Từ Liêm,",0,0.44055771827697754,0.47619047619047616,0.3469387755102041
546.jpg,33 Holborn London EC1N 2HT,33 Holborn London EC1N 2HT,1,0.3254518508911133,0.0,0.0
565.jpg,PastaMania CRESCENT,PastaMania CRESCENT,1,0.2703678607940674,0.0,0.0
58.jpg,Tổng cộng hàng,Tổng cộng hàng,1,0.19561457633972168,0.0,0.0
414.jpg,Recpt ID: TA0127,RecptID: TAO127,0,0.17353558540344238,1.0,0.125
252.jpg,"Tổng 63,786.80","63, 786. 8O",0,0.33080363273620605,1.5,0.5714285714285714
33.jpg,Tên khách hàng Nguyễn Khắc Âu,"Tên Nguyễn Khác Âu
khách hàng",0,0.22748041152954102,0.8333333333333334,0.7586206896551724
213.jpg,ALDI,ALDT,0,0.15596842765808105,1.0,0.25
267.jpg,"65,000","65,000",1,0.17244338989257812,0.0,0.0
418.jpg,Tổng cộng tiền thanh toán: 8.300.000,Tổng cộng tiền thanh toán: 530(,0,0.21835541725158691,0.16666666666666666,0.19444444444444445
638.jpg,Số: 0000000,ss 0000000,0,0.14953184127807617,0.5,0.2727272727272727
487.jpg,CÔNG TY CỔ PHẦN GANG THÉP THÁI NGUYÊN (TISCO),CÔNG TY CỔ PHẦN GANG THẾP THÁI NGUYÊN (TI,0,0.3300313949584961,0.2222222222222222,0.1111111111111111
588.jpg,INVOICE: 161005098,INVC)NCE 1810058098,0,0.37482261657714844,1.0,0.3333333333333333
493.jpg,CÔNG TY CỔ PHẦN VIỄN THÔNG FPT,CÔNG TY CỔ PHẦN VIỄN THÔNG FPT,1,0.3966805934906006,0.0,0.0
110.jpg,"Total EUR 69,00","553,00",0,0.1562051773071289,1.0,0.8
159.jpg,EVNHCMC,EVNHC,0,0.1494309902191162,1.0,0.2857142857142857
344.jpg,1095 W. FIFTH ST.,1095 W. FIFTH ST.,1,0.5509288311004639,0.0,0.0
686.jpg,200718T10016,2007 18T 100 16,1,0.21664094924926758,4.0,0.25
408.jpg,Mã số thuế: 2802515656,Mã số thuế: 2802515656,1,0.212357759475708,0.0,0.0
468.jpg,CASH 1.49,"LASH

^.4M",0,0.19306135177612305,1.0,0.5555555555555556
349.jpg,HND398539,HND398539,1,0.14227652549743652,0.0,0.0
139.jpg,Tổng cộng tiền thanh toán:,Tổng cộng tiền thanh toán,0,0.20349907875061035,0.2,0.038461538461538464
123.jpg,Ngày 02 tháng 04 năm 2018,; 04 2018,0,0.14563727378845215,0.6666666666666666,0.68
264.jpg,THÔNG BÁO KẾT QUẢ HỦY HÓA ĐƠN,THỐNG BẢO KẾT QUÁ HUY HÓA ĐƠN,0,0.41418933868408203,0.5714285714285714,0.13793103448275862
653.jpg,"Cresent Mall, GF-A1, 101 Tôn Dật Tiên, Tân Phú, Quận 7","Crescent Mall, GF-A1, 101 Tôn Dật Tiên,
Tân Phú, Quận 7",0,0.8049750328063965,0.09090909090909091,0.037037037037037035
456.jpg,08/07/2017,08/07/2017,1,0.2535386085510254,0.0,0.0
409.jpg,CÔNG TY TNHH SẢN XUẤT THƯƠNG MẠI THIẾT BỊ VIỆT,Y TNHH SẢN XUẤT THƯƠNG MAI THIẾT BỊ VIỀẾ,0,0.7351150512695312,0.4,0.1956521739130435
671.jpg,09/10/2006 13:13,03/10/2006 13:13,0,0.27788233757019043,0.5,0.0625
423.jpg,"Địa chỉ: 14 đường 30/4, Phường 9, Tp. Vũng Tàu, Tỉnh Bà Rịa - Vũng Tàu","Địa chỉ: 14 đường 30/4, Phường 9, Tp. Vũng Tảu, Tinh Bà Rịa - Vũng Tầu",0,0.9658365249633789,0.1875,0.04285714285714286
88.jpg,BALANCE DUE £28.50,BALANCE DUF &28 .50,0,0.3025088310241699,1.0,0.16666666666666666
116.jpg,"Tổng tiền tính vào Thẻ Tín Dụng VND: 1,380,000 (USD 60)","Tống Tiền tính vào Thẻ Tín Dụng  VND: 1,180 000 (USD 60)",0,0.6449143886566162,0.36363636363636365,0.09090909090909091
125.jpg,Số hóa đơn: 0000089,Số hóa đơn : OOOOO89,0,0.20891618728637695,0.75,0.3157894736842105
526.jpg,7008 1300 0001 3893 2513,"ETSE EbgSE Tnũnn nnET sSnn,",0,0.4539520740509033,1.0,0.9583333333333334
538.jpg,CÔNG TY TRÁCH NHIỆM HỮU HẠN PHẦN MỀM DAMI,CÔNG TY TRÁCH NHIỆM HỮU HẠN PHẦN MỀM DAMI,1,0.3913288116455078,0.0,0.0
590.jpg,"Số 6 Tổ 4A, P.Dịch Vọng, Q.Cầu Giấy, HN","Í 9 Tổ 4A, P Dịch Vọng. O.Cấu Giấy, HN",0,0.5271308422088623,0.6666666666666666,0.1794871794871795
422.jpg,Công Ty Cổ Phần Cấp Nước Bà Rịa - Vũng Tàu,Công Ty Cổ Phần Cấp Nước Bà Rịa - Vũng Tầu,0,0.2766704559326172,0.09090909090909091,0.023809523809523808
218.jpg,Tổng cộng tiền thanh toán 53.712.560,Tổng cộng tiền thanh toán,0,0.4142873287200928,0.16666666666666666,0.3055555555555556
108.jpg,"87 Võ Thị Sáu, Phường 6, Quận 3, Tp.HCM","87 Vố Thị Sầu, Phường 6, Quận 3, Tp.HCM",0,0.5774307250976562,0.2222222222222222,0.05128205128205128
606.jpg,21/07/17 12:55:31 PM,"^1/97/17 12:55:31 PM
na",0,0.33145809173583984,0.6666666666666666,0.25
689.jpg,0102516308,0102516308,1,0.1616816520690918,0.0,0.0
426.jpg,Robins @Cresent HCM,Pdbins 0trescent HCH,0,0.5313100814819336,1.0,0.3157894736842105
235.jpg,KAISERALLEE 10 - 76131 KARLSRUHE,RLSRUHE,0,0.4309570789337158,1.0,0.78125
610.jpg,Thu ngân: Thu Ngân,Thu ngân: Thu Ngân,1,0.2555887699127197,0.0,0.0
389.jpg,Số: 0000000,Số: 0000000,1,0.31458330154418945,0.0,0.0
285.jpg,Cộng tiền hàng: (Total before VAT): 500.000,Cộng tiền hàng. (Toral be/ore VAT):,0,0.6238625049591064,0.5714285714285714,0.2558139534883721
232.jpg,Công ty Điện lực Tuyên Quang - Điện lực Thành Phố,Công ty Điện lực Tuyên Quang - Điện lực Thành Phố,1,0.6398615837097168,0.0,0.0
381.jpg,Công Ty Cổ Phần Cấp Nước Bà Rịa - Vũng Tàu,Công Ty Cổ Phần Cáp Nước Bà Rịa - Vũng Tàu,0,0.8672988414764404,0.09090909090909091,0.023809523809523808
338.jpg,TẬP ĐOÀN VIỄN THÔNG QUÂN ĐỘI,TẬP ĐOÀN VIỂẾ: THÔNG QUÂN ĐỘI,0,0.2850453853607178,0.16666666666666666,0.10714285714285714
198.jpg,TOTAL NUMBER OF ITEMS SOLD = 2,T0TRL NUHBER 0F ITEMS SULD,0,0.5165631771087646,0.8571428571428571,0.3
589.jpg,CTY TNHH TM & DỊCH VỤ TUẤN PHÁT,(TY TNHH Ti 4 DỊCH VỤ TUẤI HAT,0,0.33191609382629395,0.625,0.1935483870967742
130.jpg,CÔNG TY TNHH PHÁT TRIỂN CÔNG NGHỆ THÁI SƠN,(CÔNG; TY TNHH PHẨT TRIẾN CÔNG,0,1.082381248474121,0.6666666666666666,0.42857142857142855
366.jpg,Số sêri 029711-000-612-131,Sốsi O29711-0OOO-612-131,0,0.718501091003418,1.0,0.2692307692307692
582.jpg,"Địa chỉ: Số 17 Nguyễn Gia Thiều, Phường 6, Quận 3, Tp. HCM, Việt Nam","Địa chỉ: Số 17 Nguyễn Gia Thiếu, Phường 6, Quần 3, TP. HCM, Việt Nam",0,1.3000729084014893,0.2,0.04411764705882353
532.jpg,TOTAL $10.62,T0T8R. 310.62,0,0.3042168617248535,1.0,0.4166666666666667
134.jpg,CÔNG TY CỔ PHẦN CẤP THOÁT NƯỚC KHÁNH HÒA,CÔNG TY CỔ PHẦN CẤP THOÁT NƯỚC KHÁNH HÒA,1,0.7594590187072754,0.0,0.0
552.jpg,"101 TON DAT TIEN ST., DIST. 7, HCMC","101 TDN DAT TIEN 5T,, DJST. 7, HCMC",0,0.6591966152191162,0.375,0.11428571428571428
597.jpg,Total $ 86.17,Totai 3 ô6.17,0,0.2682650089263916,1.0,0.23076923076923078
379.jpg,STORE NO: 3281,3281,0,0.19266128540039062,0.6666666666666666,0.7142857142857143
166.jpg,"Số 75, Phố Đinh Tiên Hoàng, Phường Tràng Tiền, Quận Hoàn Kiếm, Thành phố Hà Nội, Việt Nam","Bồ 75 Phố Đinh Tiên Hoang, Phường Trảng Tiền, Quận Hoán Kiêm, Thánh phố Hả Mội, Việt Nam",0,1.0798003673553467,0.5,0.11235955056179775
523.jpg,TOTAL SALE $ 68.02,TOTAL SALE ý 864.02,0,0.2598114013671875,0.5,0.16666666666666666
230.jpg,Ngày 15 tháng 10 năm 2013,Ngày 1 tháng ig năm 2g13,0,0.4220280647277832,0.5,0.16
664.jpg,Công ty B,Công z5,0,0.18904471397399902,0.6666666666666666,0.4444444444444444
535.jpg,CÔNG TY TNHH BÌNH MINH PAT,CÔNG TY TNHH BÌNH MINH PAT,1,0.21292614936828613,0.0,0.0
542.jpg,"Địa chỉ: 182 Phan Bội Châu, Phường Trần Hưng Đạo, Thành phố Quy Nhơn, Tỉnh Bình Định, Việt Nam","Đla chỉ: 192 Phan Bội Châu, Phường Trần Hưng Đạo. Thành phố Quy Nhơn. Tĩnh Binh Đinh. ViệtNam",0,0.7089450359344482,0.47368421052631576,0.09574468085106383
613.jpg,693.000,693.000,1,0.12766361236572266,0.0,0.0
140.jpg,Số: 0000003,sẻ 0000003,0,0.16138792037963867,0.5,0.2727272727272727
227.jpg,USD 7.100.00,"7, 100.00",0,0.19504857063293457,1.0,0.4166666666666667
433.jpg,R105216170,R105216170,1,0.15781402587890625,0.0,0.0
63.jpg,CTY TNHH THOI TRANG HA VANG,CTY TNHH THOI TRANG HA VANG,1,0.2426767349243164,0.0,0.0
25.jpg,CÔNG TY TNHH MỘT THÀNH VIÊN NHÂN TẠO,CÔNG TY TNHH MỘT THÀNH VIÊN NHÂN TẠO,1,0.33019542694091797,0.0,0.0
75.jpg,RAKU RAKU,RAKU RAKU,1,0.17495346069335938,0.0,0.0
576.jpg,6 = 4x5,6z 4v5,0,0.12043190002441406,1.0,0.42857142857142855
276.jpg,Tiền thanh toán: 22.131 VND,Tiên thanh toán: 22.131 VN),0,0.9574260711669922,0.4,0.07407407407407407
277.jpg,Mã khách hàng 39841505,Nin khảch hàng: 39941505,0,0.5474734306335449,1.0,0.2727272727272727
152.jpg,CÔNG TY TNHH KỸ THUẬT VÀ THƯƠNG MẠI ĐỨC ANH,CÔNG TY TNHH KỸ THUẬT VÀ THƯƠNG MẠI ĐC ANH,0,0.5373563766479492,0.1,0.023255813953488372
634.jpg,Họ tên người mua hàng: Người mua không lấy hóa đơn,r Người mua không lây hoá đơn,0,0.3984827995300293,0.6363636363636364,0.5
524.jpg,U.S. Postal Service TM,MU.S. Posial ScervicC,0,0.34485960006713867,1.0,0.3181818181818182
18.jpg,"Số 1, Phố Khâm Thiên, Phường Khâm Thiên, Quận Đống Đa, Thành phố Hà Nội, Việt Nam","Số 1, Phố Khẩm Thiên, Phường Khẩm Thiền, Quận Đống Đa, Thành phố Hà Nội, Việt Nam",0,0.8046855926513672,0.17647058823529413,0.037037037037037035
195.jpg,Cộng tiền hàng,Cộng tiền hàng:,0,0.22654986381530762,0.3333333333333333,0.07142857142857142
335.jpg,028 3821 0375,028 3821 0375,1,0.19192075729370117,0.0,0.0
400.jpg,"Tổng cộng tiền thanh toán: 113,300,000",Tông cộng tiên thanh toán 113.300.000,0,0.23076963424682617,0.6666666666666666,0.13157894736842105
341.jpg,Đơn vị thu: Viettel Hà Nội - Chi nhánh Tập Đoàn Viễn Thông Quân Đội,Dơn vị thu: Viettel Hà Nội - Chỉ nhánh Tập Doàn Viễn Thông Quân Dội,0,0.3484327793121338,0.26666666666666666,0.05970149253731343
567.jpg,"570,000","570,000",1,0.13656210899353027,0.0,0.0
674.jpg,TVA BE 448 826 918,TVR BE 448 826 918,0,0.36298298835754395,0.2,0.05555555555555555
425.jpg,Tổng số tiền thanh toán: 93.840,Lông số tiên thanh toán:,0,0.4383053779602051,0.5,0.3225806451612903
377.jpg,501 Willie Stargell Ave,U1llie Stargell Ave,0,0.5852000713348389,0.5,0.21739130434782608
660.jpg,#LidlSurpries,4LidlSurprises,0,0.26302289962768555,1.0,0.15384615384615385
609.jpg,0006,0006,1,0.11690139770507812,0.0,0.0
586.jpg,C?A HANG TH?I TRANG WARE HOUSE 3 MAISON RMI GROUP,"G7A HÀNG TH7I TRANG WARE HOUSE 3
MAISƠN RMI:GTROLIP",0,0.7617368698120117,0.6,0.20408163265306123
188.jpg,"87 Võ Thị Sáu, Phường 6, Quận 3, Tp.HCM","87 Vỗ Thị Sáu, Phường 6, Quản 3, Tp.HCM.",0,0.42829084396362305,0.3333333333333333,0.07692307692307693
451.jpg,"Nicole, thanks for letting us style you","Nicole, thanks tor letting us style yout",0,0.24354124069213867,0.2857142857142857,0.05128205128205128
605.jpg,21/07/17 11:57:39 AM,21/07/17 11:67:39 AM,0,0.2630932331085205,0.3333333333333333,0.05
457.jpg,1.667,1.667,1,0.11783528327941895,0.0,0.0
347.jpg,Tổng cộng (Grand Total) 88.000,Tổng cộng (Grand Total),0,0.17896819114685059,0.2,0.23333333333333334
424.jpg,Số: 0000007,số: 0000007,0,0.13279271125793457,0.5,0.09090909090909091
370.jpg,Khách hàng: MA MY ANH,Khách hàng: MA MY ANH,1,0.22595691680908203,0.0,0.0
561.jpg,CÔNG TY TNHH GIẢI PHÁP SỐ 247,CÔ NGH YẾT NHÍ KGIA KHÁ P SỐ 42,0,0.4149038791656494,1.1428571428571428,0.4482758620689655
428.jpg,"101 Ton Dat Tien, Phu My Hung, District 7, Ho Chi Minh City.","101 Ton Dat Tien, Phu Hỷ FJng,
Distríct 7, Ho Chí Minh tity.",0,0.7384629249572754,0.38461538461538464,0.13333333333333333
180.jpg,"Phòng 207 Tòa nhà A5, Khu Đô Thị Đại Kim, Định Công, Hoàng Mai, Hà Nội",Phòng 207 Toà nhà A5. Khu Đô Thị Đại Kim. Định Công. Hoàng Mai. Hà,0,0.7874233722686768,0.375,0.14285714285714285
679.jpg,NO: 01272483,N0: 01272483,0,0.17658686637878418,0.5,0.08333333333333333
337.jpg,"Số 180 - 192, Đường Nguyễn Công Trứ, P. Nguyễn Thái Bình, Quận 1, TP. HCM","Số 180 - 192, Đường Nguyễn Công Trứ, P. Nguyễn Thái Bình, Quận 1, TP. HCM",1,1.0937302112579346,0.0,0.0
604.jpg,LINCOLN 2 0845 6779423,LTNGOLN 2 0845 6779423,0,0.6532130241394043,0.25,0.09090909090909091
283.jpg,Đơn vị bán hàng (Supplier): Công ty Trách nhiệm hữu hạn ABC - DEF,Đơn vị bán hàng (Supplier): Công ty Trách nhiệm hữu hạn ABC-DEF,1,0.9284493923187256,0.21428571428571427,0.03076923076923077
168.jpg,Lê Na,Lê Na,1,0.13915371894836426,0.0,0.0
607.jpg,"Tổng cộng: 6,103,000","Tổng cộng 6,103,000",0,0.23154187202453613,0.3333333333333333,0.05
587.jpg,"TOTAL AMOUNT 4,687,000.00","TOTAL AMOUNT 4,697,000.00",0,2.3036444187164307,0.3333333333333333,0.04
471.jpg,CÔNG TY TNHH THƯƠNG MẠI PHÂN PHỐI DƯƠNG MINH,CÔNG TY TNHH THƯƠNG MẠI PHÂN PHỐI DƯƠNG MINH,1,1.504465103149414,0.0,0.0
499.jpg,04/23/2011,0á;,0,0.7832937240600586,1.0,0.9
34.jpg,CÔNG TY CỔ PHẦN ĐẦU TƯ KINH DOANH NƯỚC SẠCH VÀ NƯỚC GIẢI KHÁT THĂNG LONG,CÔNG TY CỔ PHẤN ĐẤU TƯ KINH DOANH NƯỚC SẠCH VÀ NƯỚC GIẢI KHÁT THĂNG LONG,0,2.354998826980591,0.125,0.027777777777777776
126.jpg,CHI NHÁNH CÔNG TY TNHH NN MTV TM & XNK VIETTEL - TRUNG TÂM PHÂN PHỐI,CHI NHẮNH CÔNG TY TNHH NN MTV TM & XNK VIETTEL - TRUNG TÂM PHÂN PHỔI,0,4.889919757843018,0.125,0.029411764705882353
177.jpg,Tiền thanh toán,Tiên thanh toan:,0,1.0540201663970947,0.6666666666666666,0.2
279.jpg,Ngày 31 tháng 05 năm 2017,Ngày 31 tháng 05 năm 2017,1,1.0103261470794678,0.0,0.0
444.jpg,CÔNG TY CỔ PHẦN CẤP NƯỚC ĐÀ NẴNG,CÔNG TY CỔ PHẨN CẤP NƯỚC ĐÀ NẢNG,0,1.3068077564239502,0.25,0.0625
256.jpg,Satra Group,Satra Group,1,0.6576168537139893,0.0,0.0
690.jpg,990000,"990, gạnl",0,0.4674355983734131,2.0,1.0
114.jpg,Họ tên người mua hàng: Công ty TNT,Hotênngườmuahàng Công ty TNT,0,1.06318998336792,0.625,0.20588235294117646
580.jpg,CÔNG TY CỔ PHẦN LAWSOFT,CÔNG TY CỔ PHẦN LAWSOFT,1,0.8933894634246826,0.0,0.0
315.jpg,"Total EUR 15,90","Total EUR 15,90",1,0.2055368423461914,0.0,0.0
643.jpg,Mẫu số: 01GTKT3/001,Mấu số : 01GTKT3/001,0,0.26446056365966797,1.0,0.10526315789473684
331.jpg,"Địa chỉ: 354/35 Lý Thường Kiệt, Phường 14, Quận 10, TPHCM","Địa chỉ 354/35 Lý Thường Kiết, Phường 14, Quần 10, TPHCM",0,0.9994592666625977,0.2727272727272727,0.05263157894736842
19.jpg,Công ty xăng dầu KV2 - TNHH MTV,Công ty Xăng dầu KV2 - TNHH MTV,0,0.44698023796081543,0.125,0.03225806451612903
382.jpg,TRẦN ĐÌNH LONG,TRẤN ĐÌNH LONG,0,0.25713014602661133,0.3333333333333333,0.07142857142857142
307.jpg,Tổng cộng tiền thanh toán (Grand total) (1+2): 471.797,Tổng cộng tiền thanh toán (Grand total) (1: 471797,0,0.42267394065856934,0.2222222222222222,0.07407407407407407
612.jpg,CÔNG TY TNHH MINH KHÔI,CÔNG TY TNHH MINH KHÔI,1,0.20950746536254883,0.0,0.0
112.jpg,"Địa chỉ: Đường Kim Ngọc, Phường Ngô Quyền, Thành phố Vĩnh Yên, Tỉnh Vĩnh Phúc","Địa chỉ: Đường Kim Ngọc, Phường Ngô Quyền, Thành phố Vĩnh Yên, Tĩnh Vĩnh Phúc",0,1.2534420490264893,0.06666666666666667,0.012987012987012988
3.jpg,Store #100226 (905) 383 - 3005,Stnre 100226 (905) 383-3005,0,0.29149317741394043,0.8333333333333334,0.13333333333333333
66.jpg,CÔNG TY TNHH RUNWAY ASIA BEAUTY,CÔNG TY TNHH RUNWAY ASIA BEAUTY,1,0.428180456161499,0.0,0.0
339.jpg,"Số 1 đường Trần Hữu Đức, Phường Mỹ Đình 2, Quận Nam Từ Liêm, Thành phố Hà Nội, Việt Nam","Số 1 dường Trần Hữu Dực, Phường Mỹ Dinh 2, Quận Nam Từ Liêm, Thành phố Hà Nội, Việt Nam",0,0.8645896911621094,0.15,0.05747126436781609
372.jpg,Số hóa đơn: BL.160801.1.00001,Số hóa đơn: BL.160801.1.00001,1,0.23308253288269043,0.0,0.0
187.jpg,Số HĐ: 1110,Cã:HtIr TTVU,0,0.25709056854248047,1.0,0.9090909090909091
691.jpg,CÔNG TY TNHH EZSOFT,CÔNG TY TNHH ESOFT,0,0.2028675079345703,0.25,0.05263157894736842
417.jpg,Họ tên người mua hàng: Trường THPT Thượng Cát,Họ tên người mua hàng: Trường THPT Thượng Cát,1,0.28552842140197754,0.0,0.0
311.jpg,05/09/2010 01:00 PM,05/03/2010 01 :00 PM,0,0.22957825660705566,1.0,0.10526315789473684
247.jpg,"4827 KIETZKE LANE RENO, NV 89509","4827 KIET7KE LANE
FRENO, NV 89509",0,0.31670188903808594,0.3333333333333333,0.09375
289.jpg,Đơn vị bán hàng: CÔNG TY TNHH SV TM DV TAKAYORI VIỆT NAM,Đơn vị bán hàng: CÔNG TY TNHH SX TM DV TAKAYORI VIỆT N,0,0.7046582698822021,0.15384615384615385,0.05357142857142857
98.jpg,Store #58,5t0Fe 850,0,0.21266913414001465,1.0,0.5555555555555556
531.jpg,TARGET,TAFRGECT,0,0.3213367462158203,1.0,0.3333333333333333
321.jpg,Công ty Cổ phần Giải pháp Hóa đơn điện tử Việt Nam,Công ty Cổ phổn Giỏi phốp Hóa đơn điện tử Việt Nam,0,1.3295867443084717,0.25,0.06
421.jpg,So hoa don:1-25264,5n hoa don: 1-25264,0,0.37766528129577637,1.0,0.16666666666666666
203.jpg,028. 73026272,028. 73026272,1,0.2855947017669678,0.0,0.0
449.jpg,Dia & Co,Ta &,0,0.1735527515411377,0.6666666666666666,0.625
158.jpg,Ngày 21 tháng 01 năm 2017,"NgaycÊẤ tháng Ôế..năm 20,4,J",0,0.2755320072174072,0.8333333333333334,0.48
398.jpg,Đơn vị bán hàng: CÔNG TY CP CƠ ĐIỆN LẠNH VIỆT NAM,Đơn vị banhàng: CỔNG TY CP CƠ ĐIỆN LẠNH VIỆT NAM,0,0.6331133842468262,0.25,0.061224489795918366
102.jpg,"223 Đề Thám, Q1","323 Đề Thám, Q1",0,0.2756164073944092,0.25,0.06666666666666667
215.jpg,Store #97,9t0FG H0,0,0.19839000701904297,1.0,0.7777777777777778
498.jpg,1140 MANHATTAN BEACH BLVD,1140 NANHAT1AN BEM,0,0.22704434394836426,0.75,0.4
568.jpg,Đơn vị bán hàng: CÔNG TY TNHH Hùng Phát,Đơn vị bán hàng: Công ty TNHH Hùrg Phát,0,0.3758420944213867,0.3333333333333333,0.15384615384615385
343.jpg,CÔNG TY CỔ PHẦN Y DƯỢC THỰC HÀNH TP.HCM,CÔNG TY CỔ PHẦN Y DƯỢC THỰC HÀNH TP.HCM,1,0.3486790657043457,0.0,0.0
297.jpg,Tổng cộng / Total,Tổng cộng/ Total:,0,0.24738240242004395,0.75,0.11764705882352941
106.jpg,Cty ABC,Cu &EC,0,0.1715679168701172,1.0,0.5714285714285714
9.jpg,"GÍA VÉ / PRICE: 721,000 VND",GIÁ VỀ / PRICE: 721/000 VND,0,0.1711134910583496,0.5,0.14814814814814814
228.jpg,EVNHCMC,EVDNFHCTMC,0,0.2902226448059082,1.0,0.42857142857142855
81.jpg,CƠ SỞ NGOẠI NGỮ BỒI DƯỠNG VĂN HÓA VĨNH VIỄN,CƠ S NGOẠI NGỮ BỒI DƯƠNG VĂN HÓA VĨNH VIỄN,0,0.30638742446899414,0.2,0.046511627906976744
39.jpg,TOTAL 172.70,TOTA&L. 17-79,0,0.17344903945922852,1.0,0.4166666666666667
585.jpg,BỆNH VIỆN ĐẠI HỌC Y DƯỢC THÀNH PHỐ HỒ CHÍ MINH,BENH VIỆN ĐẠI HỌC Y DƯỢC THÀNH PHỐ HỖ CHÍ MINH,0,1.2217106819152832,0.18181818181818182,0.043478260869565216
97.jpg,04/18/15 05:47PM,04/18/15 05:47PM,1,0.17989850044250488,0.0,0.0
43.jpg,CÔNG TY CỔ PHẦN ĐẦU TƯ PHÁT TRIỂN CÔNG NGHỆ THÁI HOÀNG,CÔNG TY CỔ PHẦN ĐẦU TƯ PHÁT TRIỂN CÔNG NGHỆ THÁI HOÀNG,1,0.6966512203216553,0.0,0.0
272.jpg,ngày 10/12/2016,ngày 1012/2016,0,0.26433277130126953,0.5,0.06666666666666667
352.jpg,6 = 4 x 5,8z 4X5,0,0.21639633178710938,1.0,0.6666666666666666
156.jpg,"Xóm 11, Xã Thạch Đà, Huyện Mê Linh, TP. Hà Nội, Việt Nam","Xóm 11, Xã Thạch Đà, Huyện Mê Linh. TP. Hà Nội, Việt Nam",0,0.4175693988800049,0.07692307692307693,0.017857142857142856
217.jpg,Tên khách hàng: Công ty CP HaMin,Tên khách.,0,0.16485142707824707,0.8571428571428571,0.71875
536.jpg,Mã số thuế: 0303020132,Mã số thuế:,0,0.21416044235229492,0.25,0.5
323.jpg,"Tổng tiền sau VAT: 2,024,000","Tổng tiền sơu VAT: 32,024,000",0,0.39447712898254395,0.4,0.07142857142857142
547.jpg,660 4548 36,660 4548 36,1,0.31056666374206543,0.0,0.0
65.jpg,SH002 CRESCENT MALL Q7,SHOO2 CRESCENT MAIL Q7,0,0.5906980037689209,0.5,0.13636363636363635
534.jpg,GREENWOOD SOUTH,5BREENWUDOD S0UTH,0,0.38017821311950684,1.0,0.3333333333333333
111.jpg,Đơn vị bán hàng: Trung tâm kinh doanh VNPT - Vĩnh Phúc - Chi nhánh Tổng công ty Dịch vụ Viễn thông,Đơn vị bán hảng: Trung tâm kinh doanh VNPT - Vĩnh Phúc - Chi nhánh Tổng công ty Dịch vụ viễn thông,0,1.263200044631958,0.09090909090909091,0.02040816326530612
407.jpg,Tổng Cộng tiền thanh toán: 1.540.000,Tổng Cộng tiền thanh toán: 4.540.000,0,0.4652371406555176,0.16666666666666666,0.027777777777777776
573.jpg,"Cộng tiền bán hàng hóa, dịch vụ:","Cộng tiền bắn hàng hỏa, dịch vụ:",0,0.4789447784423828,0.2857142857142857,0.0625
437.jpg,Công ty TNHH Dịch vụ Tư vấn và Đại lý thuế CENTAX,Công ty TNHH Dịch vụ Tư vấn và Đại lý thuế CENTAX,1,1.201960563659668,0.0,0.0
145.jpg,302 Khương Đình - Thanh Xuân - Hà Nội,302 Khương Đình - Thanh Xuân - Hà Nội,1,0.31917691230773926,0.0,0.0
Accuracy,0.2685370741482966
Avg Performance,0.44367883009518794
Avg Word Error Rate,0.46761328750616943
Avg Character Error Rate,0.18187441477612762
