Name,Actual,predict1,Correct,Predict Time,wer1,cer1
627.jpg,Số Check: 105771,Số Check: 10577,0,0.35271143913269043,0.3333333333333333,0.0625
539.jpg,Tổng tiền thanh toán: 13.200.000,Tổng tiển thanh toán 13200 00,0,0.4691498279571533,0.8,0.15625
647.jpg,13012 00020371,13012 000020371,0,0.35951662063598633,0.5,0.07142857142857142
553.jpg,Trans#: F230618-37181,TransH: F230018-37131,0,0.7020103931427002,1.0,0.14285714285714285
545.jpg,16:03:05 16DEC2010,16:03:35 16DEC2010,0,0.32690930366516113,0.5,0.05555555555555555
680.jpg,TOTAL £7.95,10TAL t7.95,0,0.24902939796447754,1.0,0.2727272727272727
373.jpg,TRANSITWA OHNE GARRANT/SERVICE,"TRANSITW& DHNE
GARANT/8ERVICE",0,0.4409050941467285,1.0,0.16666666666666666
403.jpg,"Địa chỉ: Số 1258 Đội Cấn, Ba Đình, Hà Nội",", Địa dhú: Số 1258 Đội Cân, Ba Đinh, Hà",0,0.4875762462615967,0.5,0.24390243902439024
153.jpg,0 1 0 6 0 5 5 1 2 9,0106055129,1,0.2135922908782959,1.0,0.47368421052631576
469.jpg,CHANGE DUE 0.00,CHANGE DUE 0.00,1,0.22405767440795898,0.0,0.0
622.jpg,08.12.07 16:27,08.12.07 16:27,1,0.22076129913330078,0.0,0.0
385.jpg,Tên khách hàng (Customer name): Hà Công Nghị,Tên khách hàng (Customer's name): Hà Công Nghị.,0,0.4892303943634033,0.25,0.06818181818181818
141.jpg,"Địa chỉ: 196 Vạn Kiếp, Phường 3, Quận Bình Thạnh, TP. HCM, Việt Nam","Địa chỉ

198 Vạn Kiếp, Phường 3, Quận Binh Thạnh, TP.HCM, Việt Nam",0,0.7891664505004883,0.35714285714285715,0.07462686567164178
667.jpg,"63 Nguyễn Văn Trỗi, Q. Phú Nhuận, Tp. HCM",63 X1 gex&n Văn Trể: Q. Phú Nixe&s Tp HCM1,0,0.4900083541870117,0.6666666666666666,0.3902439024390244
603.jpg,TOTAL 1.49,1.49,0,0.16176772117614746,0.5,0.6
184.jpg,YELLOW POT,YELLO0W POT,0,0.3216545581817627,0.5,0.1
258.jpg,12/8/2018,12/8/2018,1,0.28449559211730957,0.0,0.0
620.jpg,OSKAR-VON-MILLER-STR.6,05KẢR-VDN-HILLER-STR.B,0,0.3941361904144287,1.0,0.2727272727272727
405.jpg,Tong so tien thanh toan:,Tom so tien thanh tman:,0,0.5048015117645264,0.4,0.125
327.jpg,Tiền thanh toán: 16.354 VND,(INA TS$C91 LLIILLMMT,0,1.966235876083374,1.0,0.9259259259259259
406.jpg,"123,100.00","123,100.00",1,0.2910904884338379,0.0,0.0
171.jpg,TOTAL 37.45,"37,45.",0,0.1992964744567871,1.0,0.7272727272727273
454.jpg,"115 tầng 3 ngõ Núi Trúc, Tổ 1 Kim Mã Ba Đình Hà Nội","115 tầng 3 ngũ Núi Trúc, Tô 1 Kim Mã Ba Đình Hà Nội",0,1.070277214050293,0.14285714285714285,0.0392156862745098
80.jpg,Đơn vị bán hàng: CÔNG TY TNHH XE NẮNG BÌNH MINH,Đơn vị bán hàng : CÔNG TY TNHH XE NÂNG BÌNH MINH,0,0.4925243854522705,0.2727272727272727,0.0425531914893617
24.jpg,TỔNG: ........150.000 VNĐ,..150.090 UNP,0,0.2518119812011719,1.0,0.6
124.jpg,"Địa chỉ: 359/1E Lê Văn Sỹ, Phường 12, Quận 3, TP Hồ Chí Minh, Việt Nam","Địa chỉ : 359/1E Lê Văn Sỹ, Phường 12, Quận 3, TP Hổ Chí Minh, Việt Nam",0,1.2361526489257812,0.1875,0.02857142857142857
694.jpg,"615 MIDDLE COUNTRY SELDEN, NY","615 HJDDLE C0UNTRY
SELDEN, NY",0,0.4823484420776367,0.4,0.13793103448275862
278.jpg,FPT Telecom,Fpt Telecom,0,0.2358992099761963,0.5,0.18181818181818182
517.jpg,Carrefour express,"Carrefour
CXDF2SS",0,0.5671086311340332,0.5,0.47058823529411764
306.jpg,Tên khách hàng (Customer name): TRAN NGOC ANH,ân khách hàng (Customer's name): TE.A1J 1JQOC ANH,0,0.5642812252044678,0.5,0.24444444444444444
181.jpg,Quản Trung Kiên,Quản Trung Kiên,1,0.30474305152893066,0.0,0.0
239.jpg,1.598.000,1.590.000,0,0.22927355766296387,1.0,0.1111111111111111
210.jpg,"Tong cong: 179,000",long cong: 173.000,0,0.2823665142059326,0.6666666666666666,0.16666666666666666
56.jpg,Đc: Số 216 Quán Toan - HB - HP,Đc: Sô 216 Quán Toan -HB -HP,0,0.40418386459350586,0.5555555555555556,0.1
470.jpg,"Tổng tiền hóa đơn 1,292,869.6",th xXNTfXTn. mITKTXW,0,0.6409683227539062,1.0,0.9310344827586207
204.jpg,225037589,225037589,1,0.19391608238220215,0.0,0.0
641.jpg,Tổng gía trị hàng hóa mua vào: 26.700.000,Tổng giá trị hàng hóa mua vào: 26700000,0,0.3313307762145996,0.25,0.0975609756097561
105.jpg,TOTAL: 56 000,TOTAL: 56 000,1,0.40873265266418457,0.0,0.0
515.jpg,"Balance Due 10,05",Balance Due,0,0.41377782821655273,0.3333333333333333,0.35294117647058826
329.jpg,Đơn vị bán hàng: CÔNG TY TNHH Tư Vấn Đào Tạo TDC,Đơnv bán,0,0.2298412322998047,0.9166666666666666,0.8333333333333334
530.jpg,3235.19192222,3235.1919222,0,0.3734138011932373,1.0,0.07692307692307693
396.jpg,Cửa hàng mỹ phẩm Đạt Lụa,Cửa hàng mỹ phẩm Đạt Lụa,1,0.3336598873138428,0.0,0.0
358.jpg,Số HĐ: 08090011,SốHĐ: 08090011,1,0.37075233459472656,0.6666666666666666,0.06666666666666667
127.jpg,"Số 11 phố Duy Tân, Phường Dịch Vọng Hậu, Quận Cầu Giấy, Thành Phố Hà Nội, Việt Nam","Số 11 phố Duy Tân, Phường Dịch Vọng Hậu, Quận Cầu Giấy, Thành phố Hà Nội, Việt Nam",0,1.7772588729858398,0.05555555555555555,0.012195121951219513
357.jpg,"167 Thái Thị Hanh, P. Long Hưng Q. Ô Môn - TP. Cân Thơ","167 Thái Thị Hanh, P. Long Hưng
Q. Ô Môn - TP. Cân Thơ",0,0.6089940071105957,0.0,0.018518518518518517
687.jpg,01GTKT0/001,01GTKT0/001,1,0.19887948036193848,0.0,0.0
298.jpg,Ngày mua/ Purchase Date: 19/07/2017,"Ngày mua/ Purchase Date: ch /,O+:20kx",0,0.5769217014312744,0.4,0.2571428571428571
20.jpg,CÔNG TY TNHH INNOVGREEN THANH HOÁ,CÔNG TY TNHH INNOVGREEN THANH HÓA,0,0.6903812885284424,0.16666666666666666,0.06060606060606061
455.jpg,69524/1400240001/22122015,69524/1400240001/22122015,1,0.42671656608581543,0.0,0.0
572.jpg,Đơn vị bán hàng: ,lkm vị hán hàng:,0,0.30471205711364746,0.5,0.29411764705882354
155.jpg,0051145889999,0051145889999,1,0.27295446395874023,0.0,0.0
527.jpg,7008 1300 0001 3893 2513,ETS58 Eb8E TDDD DDETI SDD&,0,0.6012125015258789,1.0,0.875
368.jpg,mobifone,rriohft,0,0.24167490005493164,1.0,0.875
484.jpg,12.61,18x81,0,0.28740954399108887,1.0,0.6
633.jpg,Đơn vị bán hàng: CÔNG TY CỔ PHẦN THƯƠNG MẠI GIẢI TRÍ PHA LÊ XANH,Đm vi hán hưng: ((JNKG TY CỔ PH ẤN THUUNG MAI VÀ (LAI TRÍ PMIAA LÊ XANM,0,2.2562613487243652,0.8666666666666667,0.375
21.jpg,240.784 USD,240.784 USD.,0,0.34067416191101074,0.5,0.09090909090909091
173.jpg,*729553,#729553,0,0.564096212387085,1.0,0.14285714285714285
336.jpg,12787311101 - NH TMCP TIÊN PHONG - CN TP. HCM,12787311101 - NH TMCP TIÊN PHONG - CN TP. HCM,1,2.1152493953704834,0.0,0.0
495.jpg,Tiền Thanh Toán,liền Thanh Toán,0,2.7751307487487793,0.3333333333333333,0.06666666666666667
518.jpg,"TOTAAL 10,72",TũTnnL,0,0.452883243560791,1.0,0.75
345.jpg,BALANCE 4.74,BALRNCE 4.74,0,1.1860737800598145,0.5,0.08333333333333333
480.jpg,Sainsbury's,Salnsburys,0,0.6331253051757812,1.0,0.18181818181818182
290.jpg,Tên đơn vị: CÔNG TY TNHH FASHY,Tên đơn vị: CÔNG TY TNHH FASHY,1,1.031968355178833,0.0,0.0
600.jpg,"2039 Westminster mall Westminster, CA 92683","8839 Westsinster sall
Westainster, CB 92683",0,2.583174705505371,0.8333333333333334,0.16279069767441862
27.jpg,"24 Đường D3-KDC Nam Long, Phường Phước Long B, Quận 9, Thành phố Hồ Chí Minh","24 Đường D3-KDC Nam Long, Phường Phước Long B, Quận 9, Thành phố Hồ Chí Minh",1,2.5204076766967773,0.0,0.0
274.jpg,"123 Cách Mạng Tháng Tám, P. 15, Q. 10, TP. HCM","123 Cách Mềng Tháng Tám,.P.15,.Q.10, Tp.HCM",0,2.505737781524658,0.7272727272727273,0.15217391304347827
57.jpg,IN MINH CHÂU,"IN
MINH CHÂU",0,0.5219182968139648,0.0,0.08333333333333333
558.jpg,THỜI TRANG TQQ,THƠI TRANG TQQ,0,0.2840273380279541,0.3333333333333333,0.07142857142857142
157.jpg,Số: 0 0 0 0 1 7 8,s6: 0000178,0,0.19551897048950195,1.0,0.47058823529411764
96.jpg,TOTAL 12.61,"L-

12.G1",0,0.2199714183807373,1.0,0.6363636363636364
284.jpg,"Địa chỉ (Address): Tầng 9 Technosoft, Duy Tân, Cầu Giấy, Hà Nội - Việt Nam - 01","Địa chi (4ddressJ: Tầng 9 Technosoft, Duy Tàn",0,0.9775254726409912,0.7058823529411765,0.4810126582278481
240.jpg,CRESCENT MALL - CCM Q.7 TP.HCM,"CRESCENT MALL -CCM
nr TmHWM",0,0.8176796436309814,0.6666666666666666,0.26666666666666666
651.jpg,Smoothie Factory,Smootfhls Feetorv,0,0.5361740589141846,1.0,0.375
648.jpg,TESCO IRELAND,TESCO,0,0.20257234573364258,0.5,0.6153846153846154
231.jpg,số: 00006004,s: 00206004,0,0.2971470355987549,1.0,0.16666666666666666
12.jpg,Metropolitan Library System,Ietropolitan Library System,0,0.4090766906738281,0.3333333333333333,0.037037037037037035
303.jpg,Mã số thuế: 4200444916,Mã số thuế: 4200444916,1,0.3061659336090088,0.0,0.0
308.jpg,CÔNG TY CỔ PHẦN DỊCH VỤ BAY TO LICH,CôNG TY CỔ PHẦN DỊCH VỤ BAY T0 LICH,0,0.2900683879852295,0.2222222222222222,0.05714285714285714
616.jpg,3700579807,A47WIS79807,0,0.2723662853240967,1.0,0.5
412.jpg,Meet Fresh,Meetfredl,0,0.23633170127868652,1.0,0.4
570.jpg,Họ tên người mua hàng: Trần Thị Thanh,Hạ tên người mua hàng: Trần Thị Thanh,0,0.5336487293243408,0.125,0.02702702702702703
575.jpg,0106131034,0106131034,1,0.19941926002502441,0.0,0.0
302.jpg,84 Hùng Vương -P. Lộc Thọ -TP. Nha Trang -T. Khánh Hòa,84 Hùng Vương -P. Lộc Thọ -TP. Nha Trang -T. Khánh Hoà,0,0.8505289554595947,0.08333333333333333,0.037037037037037035
115.jpg,Công ty Agoda Company Pte. Ltd.,"Công ty Agoda Company Pte, Ltd.",0,0.6085963249206543,0.16666666666666666,0.03225806451612903
505.jpg,Ngày thu: 10-10-2018 12:09,60:ZL 8LOZ-OL-OL :n(A ÁCÔN,0,0.7647757530212402,1.0,0.9230769230769231
86.jpg,33 Holborn London EC1N 2HT,33 Holborn London EC1N 2HT,1,0.7609567642211914,0.0,0.0
662.jpg,HEALTH-BEAUTY-COSMETICS,HEALTH-BEAUTY-COSMETICS,1,0.3592112064361572,0.0,0.0
68.jpg,"54-56 Nguyễn Trãi, Phường Bến Thành, Quận 1, Thành Phố Hồ Chí Minh",54-56 Nguyễn Trãi. Phường Bến Thành. Quận 1. Thành Phố Hổ Chí Minh,0,1.9106945991516113,0.3076923076923077,0.06060606060606061
350.jpg,CÔNG TY TNHH ĐẦU TƯ SÀI GÒN THÁI LAI,CÔNG TY TNHH ĐẦU TƯ SÀI GÒN THÁI LAI,1,0.3798239231109619,0.0,0.0
649.jpg,SUB-TOTAL 111.60,SUB-I0TAI- 111.60,0,0.2999401092529297,0.5,0.25
294.jpg,"Số 4, Đường 13, Khu phố 5, Phường Bình Chiểu, Quận Thủ Đức, TP Hồ Chí Minh","Số 4. Đường 13. Khu phố 5, Phường Binh Chiểu, Quần Thủ Đức. TP Hồ Chí Minh",0,2.664022922515869,0.29411764705882354,0.06756756756756757
305.jpg,Viễn thông Thành phố Hồ Chí Minh,Yiên thông Thành phô Hô Chí Minh,0,0.49976253509521484,0.42857142857142855,0.125
225.jpg,"ANPHANAM INTERNATIONAL CO.,LTD","ANPHANAM INTERNATIONAL CO.,LTD",1,0.5976037979125977,0.0,0.0
15.jpg,TẬP ĐOÀN XĂNG DẦU VIỆT NAM,TẬP ĐOÀN XĂNG DẦU VIỆT NAM,1,0.27153515815734863,0.0,0.0
577.jpg,CN Viettel Hà Nội - Tập đoàn Viễn Thông Quân Đội,CN Viettel Hả Nội - Tập đoản Viễn Thông Quân Đội,0,0.6748363971710205,0.18181818181818182,0.041666666666666664
330.jpg,Tổng cộng tiền thanh toán: 55.000.000,"NI 2273462322224422-R
55986 008.",0,0.3672034740447998,1.0,0.8918918918918919
190.jpg,Ngày 15 tháng 2 năm 2012,"Ai, 1f tý: 2 xàm 260#2",0,0.49016261100769043,0.8333333333333334,0.5416666666666666
251.jpg,Số HĐ: 104/T21800254644,Số HĐ 1047721800254 644,0,0.4101681709289551,1.0,0.17391304347826086
559.jpg,ĐC: 1+3 LÃN ÔNG,ĐC: 1+3 LÃN ÔNG,1,0.3378615379333496,0.0,0.0
175.jpg,CÔNG TY TNHH MÔI TRƯỜNG XANH BCT,CÔNG TY TNHH MÔI TRƯỜNG XANH BCT,1,0.33368778228759766,0.0,0.0
69.jpg,MEDIA MARKT GMBH,MEDIA MARKT GMHBH,0,0.5368015766143799,0.3333333333333333,0.0625
268.jpg,Công ty TNHH một thành viên cấp nước và đầu tư xây dựng Đắk Lắk,Công ty TNHH một thành viên cấp nước vả đầu tư xảy dựng Đắk Lák,0,0.9065887928009033,0.2,0.047619047619047616
35.jpg,"Tổng cộng tiền thanh toán: 826,057",Tổng công tiền thanh toán. 826.057:,0,0.3812267780303955,0.5,0.11764705882352941
30.jpg,012093-MAI NGUYỄN THANH TUYỀN,012093-MAI NGUYỄN THANH TUYỀ,0,0.3783724308013916,0.25,0.034482758620689655
64.jpg,271200217072,171200217072,0,0.3014490604400635,1.0,0.08333333333333333
466.jpg,10/05/11,10/05/11,1,0.17681145668029785,0.0,0.0
243.jpg,12/30/2012,12/30/2012,1,0.48483729362487793,0.0,0.0
363.jpg,Tổng cộng tiền thanh toán: 1.380.000,Tổng cộng tiền thanh toán: 1.380.000,1,0.9595398902893066,0.0,0.0
477.jpg,06/10/2016 12:44 PM,0o/10/201b 12:44 PM,0,0.4230682849884033,0.3333333333333333,0.10526315789473684
362.jpg,CÔNG TY CỔ PHẦN LAWSOFT,CÔNG TY CỔ PHẦN LAWSOFT,1,0.27439212799072266,0.0,0.0
178.jpg,"44,000","44,000",1,0.21815037727355957,0.0,0.0
509.jpg,6652 Youree Dr,6652 Youree Dr,1,0.2319185733795166,0.0,0.0
332.jpg,Số: 0000001,Số 0000001,0,0.2510979175567627,0.5,0.09090909090909091
312.jpg,Total $10.62,"I8TRL, #$l0.,6Z",0,0.3578357696533203,1.0,0.8333333333333334
637.jpg,"Địa chỉ: số 52, phố Hàng Bún, P. Quán Thánh, Q. Ba Đình, TP Hà Nội","Địa chi S4 52, phá tàng Hán, P (Quán Thánh, Q1. Ha Plinl. TP Hk Nên",0,0.7077827453613281,0.75,0.30303030303030304
253.jpg,Tổng cộng tiền thanh toán 27.500.000,Tổng cộng tiên thanh toán 27500000,0,0.25162649154663086,0.3333333333333333,0.08333333333333333
169.jpg,25.000.000,25.000.000,1,0.18773508071899414,0.0,0.0
13.jpg,Amount Due: 30.00,Amount Due: 30.00,1,0.35219669342041016,0.0,0.0
92.jpg,4:24 PM 7/29/98 WED,4:124PH 7/29/98 WED,0,0.36824536323547363,0.5,0.15789473684210525
131.jpg,Họ tên người mua hàng: Nguyễn Văn Mạnh,Nguyễn Văn Mạnh,0,0.22708630561828613,0.625,0.6052631578947368
619.jpg,Số (No): 000,Số Na. (WN,0,0.30231380462646484,0.6666666666666666,0.5833333333333334
579.jpg,253.000,253.000,1,0.1801612377166748,0.0,0.0
7.jpg,CÔNG TY XXXXXXX,GNGXYXOOOOGOE,0,0.3602111339569092,1.0,0.8
439.jpg,Mã KH: PA12TXTX39..,Mã KH PA12TXTX139 ..,0,0.3184840679168701,1.0,0.15789473684210525
351.jpg,"25/13 Đường số 59, Phường 14, Quận Gò Vấp, Tp.Hồ Chí Minh, Việt Nam","25/13 Đường số 59, Phường 14, Quận Gò Vấp, TP. Hồ Chí Minh, Việt Nam",0,1.3508613109588623,0.14285714285714285,0.029850746268656716
659.jpg,"TOTAL £1,841.93","TOTAL

£1,841.93",0,0.26604795455932617,0.0,0.13333333333333333
120.jpg,Đơn vị bán hàng: CÔNG TY TNHH NATURAL SHOP,Đơn vi bản hàng : CÔNG TY TNHH NATURAL SHOP,0,0.34998178482055664,0.4444444444444444,0.07142857142857142
397.jpg,CÔNG TY CỔ PHẦN KỸ THUẬT CƠ KHÍ VÀ ĐIỀU KHIỂN TỰ ĐỘNG,THU TU CU1N tk 1/KX 1L 14L-XU,0,0.6639077663421631,1.0,0.7924528301886793
74.jpg,Đ/C: 198 Nguyễn Văn Linh,HP: 198 Nguyễn Van Lunh,0,0.5051345825195312,0.6,0.20833333333333334
388.jpg,"Địa chỉ: 248 Lê Thanh Nghị, Đồng Tâm, Hai Bà Trưng, Hà Nội","Đua chỉ: 248 L& Thanh Nghi. Đông Thm, Hai Bà Trưng, Hà Nêí",0,0.8769240379333496,0.46153846153846156,0.13793103448275862
94.jpg,0004 2127-0004,0004 2127-0004,1,0.21902155876159668,0.0,0.0
325.jpg,Tên khách hàng: HOANG KIM THOA,V(2ILL INIXJ 1)NV II L1,0,1.1068391799926758,1.0,0.8
10.jpg,Chi Nhánh Kim Mã - Công ty TNHH Một Thành Viên Khách Sạn AZUMAYA,"TU IN N Kim Mã - Công ty TNHH Một Thanh Viên Khách San.
AZUMAYA",0,0.7747957706451416,0.35714285714285715,0.1875
146.jpg,Chipotte,Chipolle,0,0.20098066329956055,1.0,0.25
212.jpg,Giao dich: 2410020105-063601,(180 địch: 2410020105-061(01,0,0.5017931461334229,1.0,0.2857142857142857
100.jpg,CÔNG TY TRÁCH NHIỆM HỮU HẠN TECH ONE,CôNG TY TRÁCH NHIỆM HỮU HẠN TECH 0NE,0,0.5475955009460449,0.25,0.05555555555555555
673.jpg,"TOTAL BEF 554,00 13,73",TũTfK,0,0.1643819808959961,1.0,0.9090909090909091
333.jpg,CÔNG TY TNHH KẾ TOÁN VINA,CÔNG TY TNHH KẾ TOÁN VINA,1,0.3102715015411377,0.0,0.0
598.jpg,Date: 6-19-02,Dates 6-19-88,0,0.3493220806121826,1.0,0.23076923076923078
541.jpg,Đơn vị bán hàng: Trung tâm kinh doanh VNPT - Bình Định - Chi nhánh Tổng công ty Dịch vụ Viễn thông,Đơn v bán hàng: Trung tâm Kinh doanh VNPT - Binh Định - Chi nhánh Tổng công ty Dịch vụ Viễn thống,0,1.2405872344970703,0.18181818181818182,0.04081632653061224
348.jpg,Tên khách hàng (Customer name): Phan Viet Trieu,Tên khách hàng (Customer name): Phan Viet Trieu,1,0.3108687400817871,0.0,0.0
411.jpg,TOTAL TO PAY f200.00,T0TAL T0 PAY £200.00,0,0.2582993507385254,0.75,0.15
447.jpg,CÔNG TY CỔ PHẦN VIỄN THÔNG FPT,CÔNG TY CỔ PHẦN VIỄN THÔNG FPT,1,0.3262147903442383,0.0,0.0
286.jpg,Đơn vị bán hàng: CÔNG TY TNHH CƠ KHÍ VÀ TỰ ĐỘNG HÓA CÔNG NGHIỆP,Đơn vị bán hàng CÔNG TY TNHH CƠ KHÍ VÀ TỰ ĐÔNG HÓA CÔNG NGHIỆP,0,0.6351537704467773,0.13333333333333333,0.031746031746031744
31.jpg,Bill Value,Bill Value:,0,0.21208786964416504,0.5,0.1
429.jpg,Giao dich: 2410020105-063601,D1180 dich: 2410020105-065,0,0.47294187545776367,0.6666666666666666,0.32142857142857145
564.jpg,12391631881,12591651881,0,0.21052241325378418,1.0,0.18181818181818182
179.jpg,CÔNG TY TNHH THƯƠNG MẠI DỊCH VỤ THIÊN ƯNG,CÔNG TY TNHH THƯƠNG MẠI DỊCH VỤ THIỂN ƯNG,0,0.6941869258880615,0.1111111111111111,0.024390243902439025
259.jpg,Số HĐ: 1047T21800259608,Số HĐ 1047T218600259608,0,0.597602128982544,0.6666666666666666,0.08695652173913043
226.jpg,"NO.20,BODE STREETLONG BIEN DIST., HA NOI","N0.20.B00E STREETLONG BIEN DIST., HAN01",0,0.44867420196533203,0.5,0.175
474.jpg,CÔNG TY CỔ PHẦN ĐẦU TƯ CÔNG NGHỆ VÀ THƯƠNG MAIN SDS-999,T CÔNG NGHỆ VÀ THƯƠNG MẠI SDS -999,0,0.50238037109375,0.75,0.43636363636363634
652.jpg,Time: 11:56:19,Time: 11:56:19,1,0.315732479095459,0.0,0.0
560.jpg,CÔNG TY CỔ PHẦN GANG THÉP THÁI NGUYÊN (TISCO),CÔNG TY CỔ PHẦN GANG THÉP THÁI NGUYÊN (TISCO),1,0.44559216499328613,0.0,0.0
340.jpg,Số: 8202391,Số: 8202391,1,0.28992199897766113,0.0,0.0
574.jpg,CÔNG TY CỔ PHẦN XÂY DỰNG NEW FUTURE,CÔNG TY CỔ PHẦN XÂY DỰNG NEW FUTURE,1,0.31517577171325684,0.0,0.0
440.jpg,Tổng cộng tiền thanh toán: 251.933,Tổng công tiền thanh toán: 251.933,0,0.3871316909790039,0.16666666666666666,0.029411764705882353
394.jpg,2-6155-2093-0080-5770-4,2-6155-2093-0080-5770-4,1,0.4382297992706299,0.0,0.0
322.jpg,Họ và Tên khách hàng (Full name of the Buyer): Cafe Quỳnh Linh,"Họ vờ lên khóch hàng, Futnome ofthe &oyen Ccdrfe Quỳnh Linh",0,0.775827169418335,0.7692307692307693,0.2903225806451613
119.jpg,TRUNG TÂM DỊCH VỤ LỐP XE LỘC XUÂN,TRUNG TÂM DỊCH VỤ LỐP XE LỘC XUÂN,1,0.39632153511047363,0.0,0.0
614.jpg,CÔNG TY TNHH UNIGEN VIỆT NAM,CÔNG TY TNHH UNIGEN VIỆT NAM,1,0.29329609870910645,0.0,0.0
453.jpg,Viettel Hà Nội - Chi nhánh Tập Đoàn Viễn Thông Quân Đội,Viettel Hà Nội - Chi nhánh Tập Đoàn Viễn Thông Quân Đội,1,0.8505420684814453,0.0,0.0
271.jpg,6000175995,6000175995,1,0.19220209121704102,0.0,0.0
201.jpg,CÔNG TY TNHH MỘT THÀNH VIÊN THƯƠNG MẠI VÀ DU LỊCH NẮNG HỒNG,CÔNG TY TNHH MỘT THÀNH VIÊN THƯƠNG MẠI VÀ DU LỊCH NẮNG HỒNG,1,0.8508284091949463,0.0,0.0
642.jpg,"226 Tô Ký, Khu phố 2, Phường Đông Hưng Thuận, Quận 12, TP. Hồ Chí Minh","226 Tô Ký, Khu phố 2, Phường Đông Hưng Thuận, Quận 12, TP. Hồ Chi Minh",0,0.5015523433685303,0.0625,0.014285714285714285
494.jpg,MY HOME,"MY HOMIH,",0,0.41483306884765625,0.5,0.42857142857142855
375.jpg,8255A001 11:38,0255&ũ01 11:38,0,1.3632926940917969,0.5,0.21428571428571427
85.jpg,Sainsbury's Supermarkets Ltd,Saitn1SbUFy's Supermarkets Ltd,0,0.7172822952270508,0.3333333333333333,0.17857142857142858
438.jpg,Công ty Điện lục Tuyên Quang - Điện lực Thành Phố,Công ty Điện lực Tuyên Quang - Điện lực Thành Phố,0,0.37136244773864746,0.09090909090909091,0.02040816326530612
113.jpg,Tổng cộng tiền thanh toán (Grand total) (1 + 2): 263.791,"ống cộng tiền thanh toán (Grand total) (1+2)

 

263791",0,0.49568748474121094,0.45454545454545453,0.16071428571428573
89.jpg,CÔNG TY TNHH VĂN PHÒNG PHAM GIA BAO,CÔNG TY TNHH VĂN PHÒNG PHÁM GIA BÁO,0,0.49628615379333496,0.25,0.05714285714285714
46.jpg,Đơn vị bán hàng: CÔNG TY TNHH THIẾT BỊ NHA KHOA VIỆT - LAB,"Í bán hàng: CÔNG TY TNHH TNI

 

T Đơn ì",0,0.43090367317199707,0.6428571428571429,0.5
186.jpg,"110, Tôn Dật Tiên, Q7","110, Tôn Diất Tiên, Q7",0,0.3575751781463623,0.2,0.09523809523809523
317.jpg,DE 228434583,DE 225434503,0,0.25009942054748535,0.5,0.16666666666666666
233.jpg,Tổng cộng tiền thanh toán: 251.933,Í Tổng công tiển thanh toám 251.933,0,0.4658019542694092,0.6666666666666666,0.17647058823529413
62.jpg,20/02/2017,2002/9017,0,0.2267143726348877,1.0,0.2
529.jpg,Datum 20.12.14 18:45 Uhr,"Datum 20.12,14 18:45 Uhr",0,0.4350755214691162,0.25,0.041666666666666664
293.jpg,10.450.000,10.450.000,1,0.27074360847473145,0.0,0.0
90.jpg,Tổng cộng tiền thanh toán: 5580762,Tổng cộng tiền thanh toán:,0,0.28051209449768066,0.16666666666666666,0.23529411764705882
143.jpg,"156,886,800","156,886,500",0,0.1989274024963379,1.0,0.09090909090909091
200.jpg,0204 01 0227 125,0204 01 0227 125,1,0.42604827880859375,0.0,0.0
443.jpg,ID HĐ: 26911396,1D HĐ 26911396,0,0.7595045566558838,0.6666666666666666,0.13333333333333333
8.jpg,Số (No.): 0000000,SốtBmNeJ)) OQ90000,0,0.7147512435913086,1.0,0.5294117647058824
170.jpg,AutoZone 2506,AutoJone 25060,0,0.3470902442932129,1.0,0.15384615384615385
465.jpg,TOTAL 1.49,TOTAL 1.49,1,0.24753022193908691,0.0,0.0
150.jpg,Balance Due 17.72,"ame Due

1.2",0,0.38368797302246094,0.6666666666666666,0.5294117647058824
78.jpg,Địa chỉ: 3F.31Crescent Mall Q.7 Tp.HCM,Đila chi:,0,0.7262353897094727,1.0,0.868421052631579
254.jpg,Đơn vị bán hàng: Công ty cổ phần đầu tư và công nghệ Việt Hưng,Đưn vị bán hàng: Củng ty cô phần đâu tư và công nghệ,0,4.391897678375244,0.4,0.22580645161290322
291.jpg,Tổng cộng tiền thanh toán: 27.500.000,"g cộng tiên thanh
toán: 27.500.000",0,0.4708900451660156,0.3333333333333333,0.13513513513513514
591.jpg,Đơn vị bán hàng: CÔNG TY TNHH TƯ VẤN ĐÀO TẠO TDC,Đơn vị bán hàng: CÔNG TY TNHH TƯ VẤN ĐÀO TẠO TDC,1,0.647068977355957,0.0,0.0
650.jpg,"TOTAL 48,000",TOTAL,0,0.37468791007995605,0.5,0.5833333333333334
211.jpg,"101 Ton Dat Tien, Phu My Hung, District 7, Ho Chi Minh City.","101 Ion Jat Tíen, Phu, H/ H-ng.
District 7, Ho thi Minh (it.",0,0.781327486038208,0.6153846153846154,0.2
219.jpg,Từ ngày: 13/09/2012,Tử ngay13/092012,0,0.2728455066680908,1.0,0.2631578947368421
199.jpg,2/25/12 5:21 PM,2/25/12 5:21 PH,0,0.21827149391174316,0.3333333333333333,0.06666666666666667
663.jpg,Công ty A,Cê=g sr +,0,0.23220491409301758,1.0,0.5555555555555556
101.jpg,Tupperware,Tupperware,1,0.33258485794067383,0.0,0.0
167.jpg,Số (No): 0373135,số (No) 0373135,0,0.3833460807800293,0.6666666666666666,0.125
632.jpg,Số: 0000001,0000001,0,0.18036603927612305,0.5,0.36363636363636365
265.jpg,MR. CHAMPONG KING,MR. CHAMIPONG KING,0,0.43482494354248047,0.3333333333333333,0.058823529411764705
269.jpg,"Số 339 Tôn Đức Thắng, Phường Tân An, TP.Buôn ma Thuột, Tỉnh Đắk Lắk, Việt Nam",Số 339 Tôn Đức Thắng. Phường Tần An. TP Buôn Ma Thuột. Tỉnh Đăk Lắk. Việt Nam,0,2.6746020317077637,0.5625,0.1038961038961039
427.jpg,"Tong cong: 179,000",Tong cong: 173.000,0,0.2630765438079834,0.3333333333333333,0.1111111111111111
501.jpg,Total 209.62,1 vui,0,0.20539331436157227,1.0,0.9166666666666666
346.jpg,CÔNG TY CỔ PHẦN VIỄN THÔNG FPT,CÔNG TY CÔ PHÁN VIÊN THÔNG FPT,0,0.4368014335632324,0.42857142857142855,0.1
584.jpg,Tổng cộng tiền thanh toán: 1.380.000,Tổng công tiền thanh toán: 1.380.000,0,0.3715841770172119,0.16666666666666666,0.027777777777777776
163.jpg,Trung tâm kinh doanh VNPT - Hà Nội - Chi nhánh tổng công ty Dịch vụ Viễn thông,Trung tâm Kinh doanh VNPT - Hà Nội - Chi nhánh Tổng công W Dịch vụ viễn thông,0,1.0230762958526611,0.2222222222222222,0.0641025641025641
22.jpg,CÔNG TY CP THƯƠNG MAI & DU LỊCH MINH THÀNH,CÔNG TY CP THƯƠNG MẠI & DU LỊCH MINH THÀNH,0,0.6218280792236328,0.1,0.023809523809523808
6.jpg,Tổng cộng tiền thanh toán: 284680000,Tổng cộng tiền thanh toán:.. ...... .6 2,0,0.7245073318481445,0.6666666666666666,0.3611111111111111
688.jpg,CÔNG TY CỔ PHẦN MEDIAMART VIỆT NAM,CÔNG TY CỔ PHẦN MEDIAMART VIỆT NAM,1,0.3868064880371094,0.0,0.0
23.jpg,MÃ GIAO DỊCH: 007703,HÀ GIm1 DỊCH: 00/701,0,0.49800801277160645,0.75,0.3
205.jpg,99.000.000,33.000.00đ,0,0.251171350479126,1.0,0.3
404.jpg,Số: 0000007,Số: 0000007,1,0.17840361595153809,0.0,0.0
192.jpg,Số: 000089,Số: 000089,1,0.2600719928741455,0.0,0.0
241.jpg,NV: TAN.NT,NV: TANNT,0,0.249497652053833,0.5,0.1
519.jpg,26/08/2013 11:00,26/08/2013 11 00,0,0.3204536437988281,1.0,0.0625
14.jpg,Đơn vị bán hàng: CÔNG TY TNHH DỊCH VỤ DU LỊCH VÀ THƯƠNG MẠI QUANG HUY,Đơn vị bản hàng: CÔNG TY TNHH DỊCH VỤ DU LỊCH VÀ THƯƠNG MẠI QUANG HUY,0,0.7028348445892334,0.0625,0.014492753623188406
255.jpg,Cty ABC,Ctụ&EBC,0,0.42250895500183105,1.0,0.42857142857142855
121.jpg,Họ tên người mua hàng: Người mua không lấy hóa đơn,Người mua không lấy hóa đơn.,0,0.3151435852050781,0.5454545454545454,0.48
334.jpg,0312787311,0312787311,1,0.1947190761566162,0.0,0.0
684.jpg,Shalala Cresent Mall,Shalala erescent Mall,0,0.3320193290710449,0.3333333333333333,0.1
626.jpg,"Lau 2 - 19 Cao Thang,Quan 3,HCM","Lau 2 - 10 Cao Thang,Uuan 1,M(W",0,0.4243185520172119,0.42857142857142855,0.1935483870967742
410.jpg,Sainbury's,Sainsburys,0,0.23787879943847656,1.0,0.2
244.jpg,Receipt #108772,Receipt #108772,1,0.24959278106689453,0.0,0.0
384.jpg,"Đơn vị bán hàng: Trung Tâm Kinh Doanh VNPT - Hòa bình, Chi Nhánh Tổng Công Ty Dịch Vụ Viễn Thông","Đơn vị bán hảng: Trung Tầm Kinh Doanh VNPT - Hoả Bỉnh, Chi Nhánh Tổng Công Ty Dịch Vụ Viễn Thông",0,0.6005818843841553,0.19047619047619047,0.0625
148.jpg,11:40 AM,11:40 AM,1,0.26914191246032715,0.0,0.0
133.jpg,BIÊN BẢN THU HỒI HÓA ĐƠN ĐÃ LẬP.,BIÊN BẢN THU HỒI HOÁ ĐƠN ĐÃ LẬP.,0,0.5666320323944092,0.125,0.0625
207.jpg,CÔNG TY TNHH THƯƠNG MẠI DỊCH VỤ VẬN TẢI SLM SÀI GÒN,CÔNG TY TNHH THƯƠNG MẠI DỊCH VỤ VẬN TẢI SLM SÀI GÒN,1,1.1916046142578125,0.0,0.0
128.jpg,Mẫu số: 01GTKT0/005,"Mẫu số:

01GTKT0/005",0,0.2409191131591797,0.0,0.10526315789473684
135.jpg,"ĐC: 58 Đường Yersin, P.Phương Sài, TP.Nha Trang, Khánh Hòa","ĐC: 58 Đường Yersin, P Phương Sài, TP Nha Trang, Khánh Hòa",0,0.6014995574951172,0.4,0.034482758620689655
216.jpg,EVNNPC,EVNNPC,1,0.1781308650970459,0.0,0.0
640.jpg,"Địa chỉ: Tầng 9 Technosoft, Duy Tân, Cầu Giấy, Hà Nội - Việt Nam - 01","Địa chi: Tầng 9 Technosoft, Duy Tân, Cầu Giấy, Hà Nội - Việt Nam - 01",0,1.2347111701965332,0.0625,0.014492753623188406
280.jpg,Tên khách hàng (Customer name): Cong Ty Luat Trach Nhiem Huu Han Sao Viet,Tên khách hàng (Customer nameJ: Cong Ty Luat Trach Nhiem Huu Han Sao Viet,0,1.5897040367126465,0.07142857142857142,0.0136986301369863
149.jpg,DINE IN Total 17.72,tỉ,0,0.19916987419128418,1.0,0.9473684210526315
665.jpg,132.000.000,.000.000,0,0.5857784748077393,1.0,0.2727272727272727
189.jpg,Cty ABC,Ctụ &EC,0,0.5983328819274902,1.0,0.42857142857142855
122.jpg,Tổng cộng tiền thanh toán: 155.000,Tổng cộng tiền thanh toán,0,0.9196367263793945,0.3333333333333333,0.2647058823529412
138.jpg,CÔNG TY CỔ PHẦN NGUỒN LỰC CỘNG ĐỒNG,CÔNG TY CÔ PHẦN NGUÔN LỰC CỘNG ĐÔNG,0,1.0357534885406494,0.375,0.08571428571428572
301.jpg,CÔNG TY CỔ PHẦN MÔI TRƯỜNG ĐÔ THỊ NHA TRANG,CÔNG TY CỔ PHẦN MÔI TRƯỜNG ĐÔ THỊ NHA TRANG,1,0.5628654956817627,0.0,0.0
242.jpg,CÔNG TY TNHH ĐẦU TƯ VÀ CÔNG NGHỆ AN TIẾN,CÔNG TY TNHH ĐẦU TƯ VÀ CÔNG NGHỆ AN TIẾN,1,0.36241602897644043,0.0,0.0
147.jpg,09/08/2008,09/08/2008,1,0.18370795249938965,0.0,0.0
525.jpg,"Shady Collection Agency, Inc.","Shady Collection Agency, Inc.",1,0.2606234550476074,0.0,0.0
300.jpg,CÔNG TY CỔ PHẦN VẬN TẢI SAO MAI,CÔNG TV CỔ PHẦN VẬN TổI SRO MnI,0,0.3654317855834961,0.5,0.12903225806451613
557.jpg,Mã số thuế	: 0302654864,Mã số thuế 0302654864,0,0.24811863899230957,0.2,0.08695652173913043
629.jpg,CÔNG TY TNHH TƯ VẤN VIỆT LUẬT,CÔNG TY TNHH TƯ VẤN VIÊT LUÂT,0,0.8088304996490479,0.2857142857142857,0.06896551724137931
194.jpg,"Địa chỉ: Số 30, Bạch Mai, Hai Bà Trưng, Hà Nội","Địa chỉ: Số 30, Bạch Mai, Hai Bà Trưng, Hà Nội",1,0.4975697994232178,0.0,0.0
99.jpg,Your cashier today was Marquita,Your cashier today uas Marquita,0,0.6510293483734131,0.2,0.03225806451612903
675.jpg,0633 20 0150 22087935,0633 20 0150 22087335,0,0.3018636703491211,0.25,0.047619047619047616
220.jpg,Đến ngày: 20/09/2012,"rYễn ngày:

20/092012",0,0.4478144645690918,0.6666666666666666,0.3
685.jpg,"BF1 - FS13, TTTM Crescent Mall 101 Tôn Dật Tiên, Quận 7, TP.HCM","BF1 - FS13, SN Crescent Mall 101 Tôn Dật Tiên,
Quận 7, TPHCM",0,0.8821439743041992,0.15384615384615385,0.09523809523809523
374.jpg,02/12/87,02/12/87,1,0.21487951278686523,0.0,0.0
237.jpg,VALENTINO CREATIONS,VALENTINO CREATIONS,1,1.0072917938232422,0.0,0.0
562.jpg,Tên đơn vị: CÔNG TY CỔ PHẦN ĐẦU TƯ VẠN PHÚC GIA,Tên đưn vị --=: CÔNG TY CỔ PHẦN ĐẦU TƯ VẠN PHC GIA,0,1.8453936576843262,0.3333333333333333,0.1276595744680851
571.jpg,HÓA ĐƠN BÁN HÀNG,HÓA DƠN BẢN HÀNG:,0,0.8927469253540039,0.75,0.1875
82.jpg,"481/5 Và 481/11 Đường Trường Chinh, Phường 14, Quận Tân Bình, Tp. Hồ Chí Minh","481/5 Và 481/11 Đường Trường Chinh, Phường 14, Quận Tân Bình, TP. Hồ Chí Minh",0,2.2342464923858643,0.06666666666666667,0.012987012987012988
462.jpg,LIDL&Cia - LAGOA - PARCHAL,- L£G2ã - PARCHAL,0,1.876650094985962,0.4,0.46153846153846156
592.jpg,Tên đơn vị: CÔNG TY TNHH TM DV PHÁT ĐẠT,tên dơn vị: . CÔNG TY TNHH TM DV PHÁT ĐẠT,0,1.4352185726165771,0.3,0.10256410256410256
497.jpg,Manhattan Beach Post,Mitattan tea:,0,0.8669888973236084,1.0,0.55
507.jpg,Công ty Điện lực Tuyên Quang - Điện lực Thành Phố,"Công ty Điện lực Tuyên Quang - Đi

 

lực Thành Phố",0,2.3277926445007324,0.09090909090909091,0.08163265306122448
448.jpg,"Địa chỉ: Tầng 2, Tòa Nhà FPT Cầu Giấy, Phố Duy Tân","Địa chỉ: Tầng 2, Tòa Nhà FPT Cầu Giấy, Phố Duy Tân",1,0.41724491119384766,0.0,0.0
229.jpg,Tổng tiền 3.573.681,"Tổng tiền

3.573.681",0,0.6577658653259277,0.0,0.10526315789473684
513.jpg,05/29/2011,05/29/2011,1,0.9362068176269531,0.0,0.0
467.jpg,LINCOLN 2 0845 6779423,LINCOLN 2 0845 6779423,1,1.0025641918182373,0.0,0.0
692.jpg,"Tổng cộng tiền thanh toán: 121,000,000","Tổng cộng tiền thanh toán: 121,000,000",1,0.9558978080749512,0.0,0.0
136.jpg,4200238007,4200235007,0,0.779447078704834,1.0,0.1
670.jpg,Carrefour,Carrefour,1,0.465639591217041,0.0,0.0
249.jpg,"12 Lương Hữu Khánh, P. Phạm Ngũ Lão, Q.1","12 Lươnce Hữu Khánh , P. Phệ:n Ngũ L&c:, Q. 1",0,3.518461227416992,0.7777777777777778,0.25
50.jpg,Thành tiền,Thành tiền,1,0.5182337760925293,0.0,0.0
196.jpg,Hồng Hạnh,Hồng Hạnh,1,1.5581400394439697,0.0,0.0
554.jpg,Tên đơn vị phát hành hóa đơn: Công ty cổ phần Cảng Đà Nẵng,Tên đơn vị phát hành hóa đơn: Công ty cổ phần Căng Đà Năng,0,2.0892536640167236,0.14285714285714285,0.034482758620689655
611.jpg,CÔNG TY TNHH AN BÌNH,CÔNG TY TNHH AN BÌNH,1,0.26285481452941895,0.0,0.0
117.jpg,TUẤN OANH,TuấN 08NH,0,0.21505045890808105,1.0,0.4444444444444444
38.jpg,TỔNG SỐ TIỀN THANH TOÁN (đ) 367.983,TỔNG SỐ TIẾN THANH TOÁN t6CHI Z2 Í - 7,0,1.4540812969207764,0.8571428571428571,0.4
361.jpg,"Địa chỉ: 99B Tổ 70, Hồ Quỳnh, P.Thanh Nhàn, Q. Hai Bà Trưng, TP. Hà Nội","mu 4u #WM Là T1, Hả tk. F Thuwnh Khê QJ Ha Ea lwm. IF Hà xN&h",0,1.9556946754455566,1.0,0.6338028169014085
309.jpg,HOÁ ĐƠN GIÁ TRỊ GIA TĂNG,HÓA ĐƠN GIÁ TRỊ GIA TĂNG,0,0.6006028652191162,0.16666666666666666,0.08333333333333333
47.jpg,Tên đơn vị: Bệnh Viện Bưu Điện,Ten don vị: .... &&x..Vửyw...b va,0,0.49396538734436035,0.8571428571428571,0.7666666666666667
537.jpg,Số tiền viết bằng chữ: Năm mươi bốn triệu đòng chẵn.,Số tiền viết băng chữ: Năm muơi bốn triệu đồng chẩn.,0,1.5019261837005615,0.36363636363636365,0.07692307692307693
281.jpg,440.000,440.000,1,0.3374958038330078,0.0,0.0
489.jpg,01/09/2016 16:37,01/09/2016 16:37,1,0.39603376388549805,0.0,0.0
79.jpg,Số hóa đơn: BL.160801.1.00001,Số hóa đơn: BL.160801.1.00001,1,0.37194299697875977,0.0,0.0
48.jpg,"Tổng cộng tiền thanh toán: 31,912,000","Tổng cộng tiền thanh toán:  2.4,2xv kế :=6&&@@wX:",0,1.246962070465088,0.5,0.5675675675675675
485.jpg,04/18/15 05:47PM,04/18/15 05:47PM,1,0.4033505916595459,0.0,0.0
356.jpg,08/09/2018 12:15,08/09/2018 12:15,1,0.44532251358032227,0.0,0.0
472.jpg,"239/4 Nguyễn Văn Công, Phường 3, Quận Gò Vấp, Tp. Hồ Chí Minh, Việt Nam","239/4 Nguyễn Văn Công, Phường 3, Quận Gò Vấp, TP. Hồ Chí Minh, Việt Nam",0,0.9208793640136719,0.06666666666666667,0.014084507042253521
419.jpg,Tong cong:,Tnng 0g:,0,0.294111967086792,1.0,0.4
436.jpg,25.388.000,25.388.000,1,0.22005605697631836,0.0,0.0
387.jpg,Đơn vị bán hàng: CÔNG TY CPTM TIN HỌC TIẾN ĐẠT,Thêm vi hán hàng CÔNG TY CPTM TIN HỌC TIẾN ĐAT,0,0.8629648685455322,0.45454545454545453,0.17391304347826086
511.jpg,YOUR CASHIER WAS AMY,Y0UR CASHIER Ua8S aMY,0,0.5034501552581787,0.75,0.25
578.jpg,Nguyễn Minh Hùng,Nguyễn Munh Hùng,0,0.331146240234375,0.3333333333333333,0.0625
292.jpg,Công ty Cổ phần An Huy,Công ty Cổ phẩn An Huy,0,0.2666163444519043,0.16666666666666666,0.045454545454545456
208.jpg,Robins @Crescent HCM,Pdbins 6trescent HCH,0,0.443509578704834,1.0,0.25
486.jpg,"2431 W. MONTROSE, CHICAGO, IL","2431 W. H0NIR0SE, CHICAG0, IL",0,0.5181760787963867,0.4,0.1724137931034483
11.jpg,Công ty TNHH FUKOKU Việt Nam,Công ty TNHH FUKOKU Việt Nam,1,0.4499654769897461,0.0,0.0
304.jpg,ngày 29 tháng 12 năm 2017,Jgdy 29 /háng/2 Hà 20/7,0,0.6079754829406738,0.8333333333333334,0.36
144.jpg,NGUYỄN CƯỜNG,NGUYỀN CƯỜNG,0,0.32793521881103516,0.5,0.08333333333333333
109.jpg,"41, Mạc đỉnh Chi, Phường 1, Quận 1, Tp.HCM","41, Mạc đỉnh Chi, Phường 1, Quận 1, Tp.HCM",1,0.6034832000732422,0.0,0.0
299.jpg,Sổ biên lai: 123,Số biên lai: +223,0,0.3545827865600586,0.5,0.1875
185.jpg,Tổng tiền: 75 000,7500,0,0.20374655723571777,1.0,0.7647058823529411
151.jpg,703-435-0888,703-435-0888,1,0.18244004249572754,0.0,0.0
413.jpg,Date: 07.10.2017,Date: 07.10.2017,1,0.21462297439575195,0.0,0.0
630.jpg,"Tầng 5, Số 100, Thái Hà, Đống Đa, Thành phố Hà Nội","Tầng 5, 86 100, Thái Hà, Đếng Đa, Thành phổ Hà Nôi",0,0.8200461864471436,0.3333333333333333,0.1
625.jpg,13/02/2018 20:34,13/02/2018 20:34,1,0.21840333938598633,0.0,0.0
355.jpg,"Tiền thanh toán: 44,000","Tiên thanh toán: 44,000",0,0.3542664051055908,0.25,0.043478260869565216
40.jpg,Total 185.26,Totai 185.26,0,0.23901009559631348,0.5,0.08333333333333333
676.jpg,MORRISONS,MORRI5ONS,0,0.21131277084350586,1.0,0.1111111111111111
182.jpg,ngày 16/10/2017,ngàu 16/10/2017,0,0.260451078414917,0.5,0.06666666666666667
543.jpg,Tổng cộng tiền thanh toán (Grand total) (1 + 2):,rồng cộng tiển thanh toán (Grand total) (1+2):,0,0.9461302757263184,0.5,0.10416666666666667
183.jpg,19.800.000,19.800.000,1,0.23040533065795898,0.0,0.0
87.jpg,Vat Number: 660 4548 36,Vat Nuimlber : 660 4548 36,0,0.7000651359558105,0.4,0.13043478260869565
248.jpg,Satrafoods Lương Hữu Khánh,5atrafoods Luxorng Hữu Khánh,0,0.6217455863952637,0.5,0.19230769230769232
371.jpg,"Phải trả: 6,398,000","Phải trả: 6,398,000",1,0.22921299934387207,0.0,0.0
441.jpg,Ngày ký: 23/02/2015,Ngày ký: 23/02/2015,1,0.38669848442077637,0.0,0.0
639.jpg,Tên doanh nghiệp: Công ty Trách nhiệm hữu hạn ABC - DEF,Tên doanh nghiệp: Công ty Trách nhiệm hữu hạn ABC-DEF,1,1.031217336654663,0.25,0.03636363636363636
646.jpg,30-06-2014 13:31,30-06-2014 13:31,1,0.4815969467163086,0.0,0.0
202.jpg,0 3 1 4 0 3 4 8 6 7,0314034867,1,0.30226659774780273,1.0,0.47368421052631576
32.jpg,"1,076,400","1,076,400",1,0.30495309829711914,0.0,0.0
59.jpg,Đơn vị bán hàng: CHI NHÁNH CÔNG TY CP THƯƠNG MẠI LẠNG SƠN TẠI HUYÊN VĂN QUAN,Đan XÍ4uWMNNPÉEMJMÁNH CÔNG TY CP THƯƠNG MẠI LANG SƠN TẠI HUYỆN VĂN QUAN,0,1.61781907081604,0.47058823529411764,0.2894736842105263
544.jpg,Sainsbury's,Sainsburys,0,0.46853041648864746,1.0,0.09090909090909091
617.jpg,Company: Công ty TNHH ABC,",...Công tyTNHH ABC",0,0.9427590370178223,0.8,0.4
16.jpg,0100107370,0100107370,1,0.39951395988464355,0.0,0.0
95.jpg,ALDI,&ALDT,0,0.3713977336883545,1.0,0.5
275.jpg,Số (No.): 0000000,Số (No: 0000000,0,1.0205233097076416,0.3333333333333333,0.11764705882352941
463.jpg,No : TV0333006120601-000238,No : TV033&00014(,0,1.592376947402954,0.3333333333333333,0.48148148148148145
26.jpg,CÔNG TY TNHH HÀNG DƯƠNG NAM LONG,CÔNG TY TNHH HÀNG DƯƠNG NAM LONG,1,1.1137750148773193,0.0,0.0
669.jpg,"Tổng cộng tiền thanh toán: 3,573,681",".
Tổng cộng tiền thanhoẩnt 3.573.681",0,1.1555981636047363,0.6666666666666666,0.2222222222222222
681.jpg,"549,001,200","549,001,200",1,0.20619630813598633,0.0,0.0
164.jpg,"Tổng cộng tiền thanh toán (Grand total) (C) = (A + B): 131,393","Tổng cộng tản thanh toán (Grand total (C2 (2-81

 

131351",0,0.5465619564056396,0.6153846153846154,0.2903225806451613
360.jpg,Công ty TNHH Phát Triển Công nghệ Thái Sơn,( ta ty TNMMH Phát Triếu (ta ng,0,0.6249723434448242,0.8888888888888888,0.5476190476190477
209.jpg,Ngay: 8/7/2016,Ngay: 8/7/2016,1,0.2485649585723877,0.0,0.0
266.jpg,TỔNG CỘNG,TỔNG CỘNG,1,0.20019030570983887,0.0,0.0
618.jpg,"123 Cách Mạng Tháng Tám, P. 15, Q. 10, TP. HC","123 Cách Màng Tháng Tám,.P.15,.Q.10,Tp.HC",0,1.1001293659210205,0.7272727272727273,0.17777777777777778
44.jpg,"Số 2, ngõ 132, đường Phạm Văn Đồng, Phường Xuân Đỉnh, Quận Bắc Từ Liêm, Thành phố Hà Nội, Việt Nam","- ngõ 132, đường Phạm Văn Đồng, Phường Xuân Đỉnh, Quận Bắc Từ Liên,",0,1.082925796508789,0.42857142857142855,0.32653061224489793
546.jpg,33 Holborn London EC1N 2HT,33 Holborn London EC1N 2HT,1,0.3688511848449707,0.0,0.0
565.jpg,PastaMania CRESCENT,PastaMania CRESCENT,1,0.5914742946624756,0.0,0.0
58.jpg,Tổng cộng hàng,Tổng cộng hàng,1,0.546135663986206,0.0,0.0
414.jpg,Recpt ID: TA0127,RecptID: TA0127,1,0.2997097969055176,0.6666666666666666,0.0625
252.jpg,"Tổng 63,786.80","63,786. 80",0,0.4047684669494629,1.0,0.42857142857142855
33.jpg,Tên khách hàng Nguyễn Khắc Âu,"Tên Nguyễn Khác Âu
Khách hàng",0,0.5207810401916504,0.8333333333333334,0.7586206896551724
213.jpg,ALDI,ALDI,1,0.27288079261779785,0.0,0.0
267.jpg,"65,000","655,000",0,0.5032765865325928,1.0,0.16666666666666666
418.jpg,Tổng cộng tiền thanh toán: 8.300.000,Tổng cộng tiền thanh toán: 5301,0,0.6231949329376221,0.16666666666666666,0.19444444444444445
638.jpg,Số: 0000000,s: 0000000,0,0.1949324607849121,0.5,0.18181818181818182
487.jpg,CÔNG TY CỔ PHẦN GANG THÉP THÁI NGUYÊN (TISCO),CÔNG TY CỔ PHẦN GANG THÉP THÁI NGUYÊN (T1,0,0.8754615783691406,0.1111111111111111,0.1111111111111111
588.jpg,INVOICE: 161005098,IMVCICE 16100509B,0,1.1747910976409912,1.0,0.2222222222222222
493.jpg,CÔNG TY CỔ PHẦN VIỄN THÔNG FPT,CÔNG TY CỔ PHẦN VIỄN THÔNG FPT,1,0.5119938850402832,0.0,0.0
110.jpg,"Total EUR 69,00","53,00",0,0.5317280292510986,1.0,0.8
159.jpg,EVNHCMC,IEVNHC,0,0.2723276615142822,1.0,0.42857142857142855
344.jpg,1095 W. FIFTH ST.,1095 W. FIFTH SĨ.,0,0.3154163360595703,0.25,0.058823529411764705
686.jpg,200718T10016,200718T10016,1,0.26173877716064453,0.0,0.0
408.jpg,Mã số thuế: 2802515656,Mã số thuế: 2802515656,1,0.24717974662780762,0.0,0.0
468.jpg,CASH 1.49,"LASH

+.-8W",0,0.33532190322875977,1.0,0.7777777777777778
349.jpg,HND398539,HND398539,1,0.1780412197113037,0.0,0.0
139.jpg,Tổng cộng tiền thanh toán:,Tổng cộng tiền thanh toán,0,0.26097893714904785,0.2,0.038461538461538464
123.jpg,Ngày 02 tháng 04 năm 2018,- 04 2018,0,0.20433545112609863,0.6666666666666666,0.68
264.jpg,THÔNG BÁO KẾT QUẢ HỦY HÓA ĐƠN,THÔNG BÁO KẾ T QUA HUY HÓA ĐỚN,0,0.3768758773803711,0.7142857142857143,0.13793103448275862
653.jpg,"Cresent Mall, GF-A1, 101 Tôn Dật Tiên, Tân Phú, Quận 7","Crescent Mall, GF-A1, 101 Tôn Dật Tiên,
--Tận Phú, Quận 7",0,0.9075820446014404,0.18181818181818182,0.09259259259259259
456.jpg,08/07/2017,08/07/2017,1,0.17936921119689941,0.0,0.0
409.jpg,CÔNG TY TNHH SẢN XUẤT THƯƠNG MẠI THIẾT BỊ VIỆT,TY TNHH SẢN XUẤT THƯƠNG MAI THIẾT BỊ VIẾ,0,0.37302374839782715,0.3,0.17391304347826086
671.jpg,09/10/2006 13:13,03/10/2006 13:13,0,0.5184900760650635,0.5,0.0625
423.jpg,"Địa chỉ: 14 đường 30/4, Phường 9, Tp. Vũng Tàu, Tỉnh Bà Rịa - Vũng Tàu","Địa chỉ: 14 đường 30/4, Phường 9, Tp. Vũng Tảu, Tỉnh Bà Rịa - Vũng Tàu",0,0.8391036987304688,0.0625,0.014285714285714285
88.jpg,BALANCE DUE £28.50,HALANCF DUF £28.50,0,0.3998579978942871,0.6666666666666666,0.16666666666666666
116.jpg,"Tổng tiền tính vào Thẻ Tín Dụng VND: 1,380,000 (USD 60)","Tổng Tin tính vào Thẻ Tín Dụng  VNU: 1,180 900 (USD 60)",0,0.6936230659484863,0.36363636363636365,0.12727272727272726
125.jpg,Số hóa đơn: 0000089,Số hóa đơn: 0000089,1,0.8862447738647461,0.0,0.0
526.jpg,7008 1300 0001 3893 2513,ETS8 Eb89E THDD DDET 89DD&,0,1.0702121257781982,1.0,0.875
538.jpg,CÔNG TY TRÁCH NHIỆM HỮU HẠN PHẦN MỀM DAMI,CÔNG TY TRÁCH NHIỆM HỮU HẠN PHẦN MỀM DAMI,1,1.3657398223876953,0.0,0.0
590.jpg,"Số 6 Tổ 4A, P.Dịch Vọng, Q.Cầu Giấy, HN",EA11.1 1,0,0.41756677627563477,1.0,0.9230769230769231
422.jpg,Công Ty Cổ Phần Cấp Nước Bà Rịa - Vũng Tàu,Công Ty Cổ Phần Cấp Nước Bà Rịa - Vũng Tàu,1,0.452655553817749,0.0,0.0
218.jpg,Tổng cộng tiền thanh toán 53.712.560,Tổng cộng tiền thanh toán,0,0.2779359817504883,0.16666666666666666,0.3055555555555556
108.jpg,"87 Võ Thị Sáu, Phường 6, Quận 3, Tp.HCM","87 Võ Thị Sáu, Phường 6, quận 3, Tp.HCM",0,0.47745442390441895,0.1111111111111111,0.02564102564102564
606.jpg,21/07/17 12:55:31 PM,"2197/17 12:55:31 PM
na,",0,0.3375575542449951,0.6666666666666666,0.3
689.jpg,0102516308,0102516308,1,0.20012593269348145,0.0,0.0
426.jpg,Robins @Cresent HCM,Robins 6trescent HCH,0,0.26257777214050293,0.6666666666666666,0.21052631578947367
235.jpg,KAISERALLEE 10 - 76131 KARLSRUHE,RLSRUHE,0,0.20366644859313965,1.0,0.78125
610.jpg,Thu ngân: Thu Ngân,Thu ngân: Thu Ngân,1,0.2333676815032959,0.0,0.0
389.jpg,Số: 0000000,S6: 0000000,0,0.24571514129638672,0.5,0.09090909090909091
285.jpg,Cộng tiền hàng: (Total before VAT): 500.000,Cộng tiên hàng TToral be/ore T47):,0,0.36008143424987793,0.8571428571428571,0.37209302325581395
232.jpg,Công ty Điện lực Tuyên Quang - Điện lực Thành Phố,Công ty Điện lực Tuyên Quang - Điện lực Thành Phố,1,0.39383721351623535,0.0,0.0
381.jpg,Công Ty Cổ Phần Cấp Nước Bà Rịa - Vũng Tàu,Công Ty Cổ Phản Cáp Nước Bà Rịa - Vũng Tàu,0,0.562406063079834,0.18181818181818182,0.047619047619047616
338.jpg,TẬP ĐOÀN VIỄN THÔNG QUÂN ĐỘI,TẬP ĐOÀN VIỂ: THÔNG QUÂN ĐỘI,0,0.26730990409851074,0.16666666666666666,0.07142857142857142
198.jpg,TOTAL NUMBER OF ITEMS SOLD = 2,T0TRL NUHBER 0F ITEM$ S$0LD,0,0.5090353488922119,1.0,0.36666666666666664
589.jpg,CTY TNHH TM & DỊCH VỤ TUẤN PHÁT,"Lưu, L.LLT L1",0,0.36906981468200684,1.0,0.9032258064516129
130.jpg,CÔNG TY TNHH PHÁT TRIỂN CÔNG NGHỆ THÁI SƠN,4 ()NK: TY TNHH HE T T KIẾ X & (1X,0,0.4701669216156006,1.0,0.6666666666666666
366.jpg,Số sêri 029711-000-612-131,Số sên O029711-000-612-131,0,0.4793829917907715,0.6666666666666666,0.11538461538461539
582.jpg,"Địa chỉ: Số 17 Nguyễn Gia Thiều, Phường 6, Quận 3, Tp. HCM, Việt Nam","Đla chỉ: Số 17 Nguyễn Gia Thiểu, Phường 6, Quần 3, TP, HCM, Việt Nam",0,0.458202600479126,0.26666666666666666,0.07352941176470588
532.jpg,TOTAL $10.62,T0TRL $10.62,0,0.30921459197998047,0.5,0.16666666666666666
134.jpg,CÔNG TY CỔ PHẦN CẤP THOÁT NƯỚC KHÁNH HÒA,CÔNG TY CỔ PHẦN CẤP THOÁT NƯỚC KHÁNH HÒA,1,0.41026735305786133,0.0,0.0
552.jpg,"101 TON DAT TIEN ST., DIST. 7, HCMC","101 T0N DAT TIEN ST., DIST. 7, HEMC",0,1.4151911735534668,0.25,0.05714285714285714
597.jpg,Total $ 86.17,"Total 3 86,17",0,0.8433797359466553,0.6666666666666666,0.15384615384615385
379.jpg,STORE NO: 3281,3281,0,0.42536115646362305,0.6666666666666666,0.7142857142857143
166.jpg,"Số 75, Phố Đinh Tiên Hoàng, Phường Tràng Tiền, Quận Hoàn Kiếm, Thành phố Hà Nội, Việt Nam","Số 75 Phũ Đinh Tiên Hoảng, Phường Trảng Tiên, Quận Hoản Kiểm, Thảnh phô Hả Nội, việt dam",0,2.4252254962921143,0.6666666666666666,0.1348314606741573
523.jpg,TOTAL SALE $ 68.02,T0TAL SALE 8 88.02,0,0.4936249256134033,0.75,0.16666666666666666
230.jpg,Ngày 15 tháng 10 năm 2013,Ngày 15 tháng yQ nẻm 2018,0,0.7348127365112305,0.5,0.16
664.jpg,Công ty B,Cê= x5,0,0.3534224033355713,1.0,0.7777777777777778
535.jpg,CÔNG TY TNHH BÌNH MINH PAT,CÔNG TY TNHH BÌNH MINH PAT,1,0.9620015621185303,0.0,0.0
542.jpg,"Địa chỉ: 182 Phan Bội Châu, Phường Trần Hưng Đạo, Thành phố Quy Nhơn, Tỉnh Bình Định, Việt Nam","Đla chỉ: 192 Phan Bội Chẩu, Phường Trần Hưng Đạo, Thành phố Quy Nhơn. Tỉnh Bính Đính, Việt Nam",0,1.5181567668914795,0.3157894736842105,0.06382978723404255
613.jpg,693.000,693.000,1,0.2621438503265381,0.0,0.0
140.jpg,Số: 0000003,Số: 0000003,1,0.3434638977050781,0.0,0.0
227.jpg,USD 7.100.00,"7,100.00",0,0.30015134811401367,1.0,0.4166666666666667
433.jpg,R105216170,R105216170,1,0.27440714836120605,0.0,0.0
63.jpg,CTY TNHH THOI TRANG HA VANG,CTY TNHH THOI TRANG HA VANG,1,0.44045567512512207,0.0,0.0
25.jpg,CÔNG TY TNHH MỘT THÀNH VIÊN NHÂN TẠO,CÔNG TY TNHH MỘT THÀNH VIÊN NHÂN TẠO,1,0.7642171382904053,0.0,0.0
75.jpg,RAKU RAKU,RAKU RAKU,1,0.21047449111938477,0.0,0.0
576.jpg,6 = 4x5,6= 4x5,1,0.15701937675476074,0.6666666666666666,0.14285714285714285
276.jpg,Tiền thanh toán: 22.131 VND,Tiên thaunli toàn: 22131 VNĐ,0,1.2620007991790771,1.0,0.25925925925925924
277.jpg,Mã khách hàng 39841505,Xin khach hàng: 39841505,0,0.7795727252960205,0.75,0.22727272727272727
152.jpg,CÔNG TY TNHH KỸ THUẬT VÀ THƯƠNG MẠI ĐỨC ANH,CÔNG TY TNHH KỸ THUẬT VÀ THƯƠNG MẠI ĐỨC ANH,1,0.4467353820800781,0.0,0.0
634.jpg,Họ tên người mua hàng: Người mua không lấy hóa đơn,+ Người mua không lây hoá đơn,0,0.6604297161102295,0.6363636363636364,0.5
524.jpg,U.S. Postal Service TM,LL.S.PosiaLServicSi,0,0.42800331115722656,1.0,0.45454545454545453
18.jpg,"Số 1, Phố Khâm Thiên, Phường Khâm Thiên, Quận Đống Đa, Thành phố Hà Nội, Việt Nam","Số 1, Phố Khẩm Thiên, Phường Khẩm Thiên, Quận Đống Đa, Thành phố Hà Nội, Việt Nam",0,1.1719183921813965,0.11764705882352941,0.024691358024691357
195.jpg,Cộng tiền hàng,Cộng tiền hăng:,0,0.2772371768951416,0.3333333333333333,0.14285714285714285
335.jpg,028 3821 0375,028 3821 0375,1,0.28569841384887695,0.0,0.0
400.jpg,"Tổng cộng tiền thanh toán: 113,300,000",Tổng cộng tiên thanh toán 112300000,0,0.36549854278564453,0.5,0.13157894736842105
341.jpg,Đơn vị thu: Viettel Hà Nội - Chi nhánh Tập Đoàn Viễn Thông Quân Đội,Dơn vị thu: Viettel Ilà Nội - Chi nhánh Tập Doàn Viễn Thông Quân Dội,0,0.6324446201324463,0.26666666666666666,0.07462686567164178
567.jpg,"570,000","570,000",1,0.15849876403808594,0.0,0.0
674.jpg,TVA BE 448 826 918,TVR BE 448 826 918,0,0.5456545352935791,0.2,0.05555555555555555
425.jpg,Tổng số tiền thanh toán: 93.840,lông số tiên thanh toán:,0,0.40113210678100586,0.5,0.3225806451612903
377.jpg,501 Willie Stargell Ave,WU11ll16 Star&gell Ave,0,0.5954241752624512,0.75,0.34782608695652173
660.jpg,#LidlSurpries,#LidlSurprises,0,0.21933197975158691,1.0,0.07692307692307693
609.jpg,0006,0006,1,0.15929579734802246,0.0,0.0
586.jpg,C?A HANG TH?I TRANG WARE HOUSE 3 MAISON RMI GROUP,"G7A HÀNG TH7I TRANG WARE HOUSE 9
MAISON RMI:GFRROUIP",0,0.9615511894226074,0.6,0.20408163265306123
188.jpg,"87 Võ Thị Sáu, Phường 6, Quận 3, Tp.HCM","87 Võ Thị Sáu, Phường 6, Quản 3, Tp.HCM",0,0.6551508903503418,0.1111111111111111,0.02564102564102564
451.jpg,"Nicole, thanks for letting us style you","Nicole, thanks for letting us style you:",0,0.28441357612609863,0.14285714285714285,0.02564102564102564
605.jpg,21/07/17 11:57:39 AM,21/07/17 11:67:39 AM,0,0.27472710609436035,0.3333333333333333,0.05
457.jpg,1.667,1.667,1,0.14951324462890625,0.0,0.0
347.jpg,Tổng cộng (Grand Total) 88.000,Tổng công (Grand Total)l,0,0.3113069534301758,0.6,0.26666666666666666
424.jpg,Số: 0000007,số: 0000007,0,0.17068028450012207,0.5,0.09090909090909091
370.jpg,Khách hàng: MA MY ANH,Khách hàng: MA MY ANH,1,0.2830648422241211,0.0,0.0
561.jpg,CÔNG TY TNHH GIẢI PHÁP SỐ 247,SJISII IIIIIEĐRLEIR:xÍIZE,0,0.4318211078643799,1.0,0.9310344827586207
428.jpg,"101 Ton Dat Tien, Phu My Hung, District 7, Ho Chi Minh City.","101 Ion Jat Tien, Phu H F-ng,
District 7, Ho thi Minh tit/.",0,0.7871389389038086,0.46153846153846156,0.16666666666666666
180.jpg,"Phòng 207 Tòa nhà A5, Khu Đô Thị Đại Kim, Định Công, Hoàng Mai, Hà Nội",Phòng 207 Toà nhà A5. Khu Đô Thị Đại Kim. Định Công. Hoàng Mai. Hà,0,0.803844690322876,0.375,0.14285714285714285
679.jpg,NO: 01272483,N0: 01272483,0,0.22633671760559082,0.5,0.08333333333333333
337.jpg,"Số 180 - 192, Đường Nguyễn Công Trứ, P. Nguyễn Thái Bình, Quận 1, TP. HCM","Số 180 - 192, Đường Nguyễn Công Trứ, P. Nguyễn Thái Bình, Quận 1, TP. HCM",1,0.602994441986084,0.0,0.0
604.jpg,LINCOLN 2 0845 6779423,LINCOLN 2 0845 6779423,1,0.2524850368499756,0.0,0.0
283.jpg,Đơn vị bán hàng (Supplier): Công ty Trách nhiệm hữu hạn ABC - DEF,Đơn vị bán hàng (SupplierJ: Công ty Trách nhiệm hữu hạn ABC-DEF,0,0.6584434509277344,0.2857142857142857,0.046153846153846156
168.jpg,Lê Na,Lê Na,1,0.15704917907714844,0.0,0.0
607.jpg,"Tổng cộng: 6,103,000","Tổng cộng 6,103,000",0,0.2181994915008545,0.3333333333333333,0.05
587.jpg,"TOTAL AMOUNT 4,687,000.00","TOTAL AMOUNT 4,697,000.00",0,0.35726046562194824,0.3333333333333333,0.04
471.jpg,CÔNG TY TNHH THƯƠNG MẠI PHÂN PHỐI DƯƠNG MINH,CÔNG TY TNHH THƯƠNG MẠI PHÂN PHỐI DƯƠNG MINH,1,0.8276920318603516,0.0,0.0
499.jpg,04/23/2011,"04,",0,0.14188838005065918,1.0,0.8
34.jpg,CÔNG TY CỔ PHẦN ĐẦU TƯ KINH DOANH NƯỚC SẠCH VÀ NƯỚC GIẢI KHÁT THĂNG LONG,CÔNG TY CỔ PHẤN DẤU TƯ KINH DOANH NƯỚC SẠCH VÀ NƯỚC GIẢI KHÁT THĂNG LONG,0,1.0001561641693115,0.125,0.041666666666666664
126.jpg,CHI NHÁNH CÔNG TY TNHH NN MTV TM & XNK VIETTEL - TRUNG TÂM PHÂN PHỐI,CHI NHÁNH CÔNG TY TNHH NN MTV TM & XNK VIETTEL - TRUNG TÂM PHÂN PHỐI,1,1.2474346160888672,0.0,0.0
177.jpg,Tiền thanh toán,Tiên thanh toán:,0,0.2208547592163086,0.6666666666666666,0.13333333333333333
279.jpg,Ngày 31 tháng 05 năm 2017,Ngày 31 tháng 05 năm 2017,1,0.3712499141693115,0.0,0.0
444.jpg,CÔNG TY CỔ PHẦN CẤP NƯỚC ĐÀ NẴNG,XÔNG TY C1 PHÁN CẤP NUCK ĐÀ NÂNG:,0,0.43242859840393066,0.625,0.25
256.jpg,Satra Group,Saetxe&e Group,0,0.35907697677612305,0.5,0.45454545454545453
690.jpg,990000,"990,0nul",0,0.1988523006439209,1.0,0.6666666666666666
114.jpg,Họ tên người mua hàng: Công ty TNT,Hotên người meehàng Công ty TNT,0,0.3461592197418213,0.5,0.17647058823529413
580.jpg,CÔNG TY CỔ PHẦN LAWSOFT,CÔNG TY CỔ PHẦN LAWSOFT,1,0.2711672782897949,0.0,0.0
315.jpg,"Total EUR 15,90","Total EUR 15,90",1,0.18827557563781738,0.0,0.0
643.jpg,Mẫu số: 01GTKT3/001,Mẫu số : 01GTKT3/001,1,0.22894978523254395,0.6666666666666666,0.05263157894736842
331.jpg,"Địa chỉ: 354/35 Lý Thường Kiệt, Phường 14, Quận 10, TPHCM","Địa chỉ 354/35 Lý Thường Kiết, Phường 14, Quản 10, TPHCM",0,0.581366777420044,0.2727272727272727,0.05263157894736842
19.jpg,Công ty xăng dầu KV2 - TNHH MTV,Công ty xăng dâu KV2 - TNHH MTTV,0,0.6278817653656006,0.25,0.06451612903225806
382.jpg,TRẦN ĐÌNH LONG,TRẤN ĐÌNH LONG,0,0.21513152122497559,0.3333333333333333,0.07142857142857142
307.jpg,Tổng cộng tiền thanh toán (Grand total) (1+2): 471.797,Tổng cộng tiền than# toán (Grawd tota/) (+: 471797,0,0.4512627124786377,0.5555555555555556,0.12962962962962962
612.jpg,CÔNG TY TNHH MINH KHÔI,CÔNG TY TNHH MINH KHÔI,1,0.2550029754638672,0.0,0.0
112.jpg,"Địa chỉ: Đường Kim Ngọc, Phường Ngô Quyền, Thành phố Vĩnh Yên, Tỉnh Vĩnh Phúc","Địa chỉ: Đường Kim Ngọc, Phường Ngô Quyền, Thành phố Vĩnh Yên, Tỉnh Vĩnh Phúc",1,0.4341163635253906,0.0,0.0
3.jpg,Store #100226 (905) 383 - 3005,Store #100226 (305) 383-3005,0,0.3302328586578369,0.6666666666666666,0.1
66.jpg,CÔNG TY TNHH RUNWAY ASIA BEAUTY,CÔNG TY TNHH RUNWAY ASIA BEAUTY,1,0.48366546630859375,0.0,0.0
339.jpg,"Số 1 đường Trần Hữu Đức, Phường Mỹ Đình 2, Quận Nam Từ Liêm, Thành phố Hà Nội, Việt Nam","Số 1 dường Trần Hữu Dực, Phường Mỹ Dinh 2, Quận Nam Từ Liêm, Thành phố Hà Nội, Việt Nam",0,0.5164999961853027,0.15,0.05747126436781609
372.jpg,Số hóa đơn: BL.160801.1.00001,Số hóa đơn: BL.160801.1.00001,1,0.6932845115661621,0.0,0.0
187.jpg,Số HĐ: 1110,K&&Htt: ITU,0,0.38884615898132324,1.0,0.8181818181818182
691.jpg,CÔNG TY TNHH EZSOFT,CÔNG TY TNHH EZSOFT,1,0.26486849784851074,0.0,0.0
417.jpg,Họ tên người mua hàng: Trường THPT Thượng Cát,Họ tên người mua hàng: Trường THPT Thượm Cát,0,0.33333683013916016,0.1111111111111111,0.044444444444444446
311.jpg,05/09/2010 01:00 PM,05/03/2010 01:00 PM,0,0.5034737586975098,0.3333333333333333,0.05263157894736842
247.jpg,"4827 KIETZKE LANE RENO, NV 89509","4827 KIETZKE LANE
RENO, NV 89509",0,0.7636537551879883,0.0,0.03125
289.jpg,Đơn vị bán hàng: CÔNG TY TNHH SV TM DV TAKAYORI VIỆT NAM,Đơn vị bán hàng: CÔNG TY TNHH SX TM DV TAKAYORI VIỆT N,0,0.7625625133514404,0.15384615384615385,0.05357142857142857
98.jpg,Store #58,5t0re #50,0,0.25722646713256836,1.0,0.3333333333333333
531.jpg,TARGET,TARRGET,0,0.2625446319580078,1.0,0.16666666666666666
321.jpg,Công ty Cổ phần Giải pháp Hóa đơn điện tử Việt Nam,Công ty Cổ phẩn Giải pháp Hóa đơn điện tử Việt Nam,0,1.2771847248077393,0.08333333333333333,0.02
421.jpg,So hoa don:1-25264,56 hoa don: 1-25264,0,0.37974977493286133,1.0,0.16666666666666666
203.jpg,028. 73026272,028. 73026272,1,0.19582247734069824,0.0,0.0
449.jpg,Dia & Co,Da &&,0,0.19251322746276855,1.0,0.5
158.jpg,Ngày 21 tháng 01 năm 2017,"Ngày tháng Ô4..săm 20,4,",0,0.6966798305511475,0.6666666666666666,0.44
398.jpg,Đơn vị bán hàng: CÔNG TY CP CƠ ĐIỆN LẠNH VIỆT NAM,Đơn vị bán hàng CÔNG TY CP CƠ ĐIỆN LẠNH VIỆT NAM,0,0.6812741756439209,0.08333333333333333,0.02040816326530612
102.jpg,"223 Đề Thám, Q1","223 Đề Thám, Q1",1,0.46134448051452637,0.0,0.0
215.jpg,Store #97,5t0re #1,0,0.2633028030395508,1.0,0.4444444444444444
498.jpg,1140 MANHATTAN BEACH BLVD,1140 NNAIIA KEM,0,0.27757930755615234,0.75,0.6
568.jpg,Đơn vị bán hàng: CÔNG TY TNHH Hùng Phát,Đơn vị bản hàng: Công ty TNHH Hùng Phát,0,0.4238135814666748,0.3333333333333333,0.15384615384615385
343.jpg,CÔNG TY CỔ PHẦN Y DƯỢC THỰC HÀNH TP.HCM,CÔNG TY CỔ PHẦN Y DƯỢC THỰC HÀNH TP.HCM,1,0.6262097358703613,0.0,0.0
297.jpg,Tổng cộng / Total,Tổng cộng/ Total:,0,0.5050690174102783,0.75,0.11764705882352941
106.jpg,Cty ABC,Ctụ &EC,0,0.26186132431030273,1.0,0.42857142857142855
9.jpg,"GÍA VÉ / PRICE: 721,000 VND",GHÁ VÉ / PRICE: 721400 VNID,0,0.43949031829833984,0.5,0.18518518518518517
228.jpg,EVNHCMC,EVUDYFICMC,0,0.40842199325561523,1.0,0.7142857142857143
81.jpg,CƠ SỞ NGOẠI NGỮ BỒI DƯỠNG VĂN HÓA VĨNH VIỄN,CƠ SỞ NGOẠI NGỮ BỒI DƯỠNG VĂN HÓA VĨNH VIỄN,1,1.371039628982544,0.0,0.0
39.jpg,TOTAL 172.70,TOT&L. 17&-T#9,0,0.6065735816955566,1.0,0.5833333333333334
585.jpg,BỆNH VIỆN ĐẠI HỌC Y DƯỢC THÀNH PHỐ HỒ CHÍ MINH,BỆNH VIỆN ĐẠI HỌC Y DƯỢC THÀNH PHỐ HỒ CHÍ MINH,1,3.0946288108825684,0.0,0.0
97.jpg,04/18/15 05:47PM,04/18/15 05:47PM,1,0.6648454666137695,0.0,0.0
43.jpg,CÔNG TY CỔ PHẦN ĐẦU TƯ PHÁT TRIỂN CÔNG NGHỆ THÁI HOÀNG,CÔNG TY CỔ PHẦN ĐẦU TƯ PHÁT TRIỂN CÔNG NGHỆ THÁI HOÀNG,1,0.676680326461792,0.0,0.0
272.jpg,ngày 10/12/2016,ngày 10122016,0,0.5325412750244141,0.5,0.13333333333333333
352.jpg,6 = 4 x 5,6 = 4 x 5,1,0.21065282821655273,0.0,0.0
156.jpg,"Xóm 11, Xã Thạch Đà, Huyện Mê Linh, TP. Hà Nội, Việt Nam","Xóm 11, Xã Thạch Đà. Huyện Mê Linh. TP. Hà Nội, Việt Nam",0,1.0542194843292236,0.15384615384615385,0.03571428571428571
217.jpg,Tên khách hàng: Công ty CP HaMin,Tên khách:,0,0.35065269470214844,0.8571428571428571,0.6875
536.jpg,Mã số thuế: 0303020132,Mã số thuế:,0,0.2302534580230713,0.25,0.5
323.jpg,"Tổng tiền sau VAT: 2,024,000","Tổng tiển sơu VAT: 2,024,000",0,0.5794579982757568,0.4,0.07142857142857142
547.jpg,660 4548 36,660 4548 36,1,0.23306870460510254,0.0,0.0
65.jpg,SH002 CRESCENT MALL Q7,SHQO2 CRESCENT MAIL Q7,0,0.444321870803833,0.5,0.13636363636363635
534.jpg,GREENWOOD SOUTH,GREENWUD0DD S0UTH,0,0.9497244358062744,1.0,0.3333333333333333
111.jpg,Đơn vị bán hàng: Trung tâm kinh doanh VNPT - Vĩnh Phúc - Chi nhánh Tổng công ty Dịch vụ Viễn thông,Đơn vị bản hảng: Trung tâm kinh doanh VNPT - Vĩnh Phúc - Chi nhánh Tổng công ty Dịch vụ viễn hông:,0,0.8591349124908447,0.18181818181818182,0.05102040816326531
407.jpg,Tổng Cộng tiền thanh toán: 1.540.000,Tổng Cộng tiền thanh toán: 1.540.000,1,0.34165239334106445,0.0,0.0
573.jpg,"Cộng tiền bán hàng hóa, dịch vụ:","Cộng tiền hán hàng ha, dịch vụ:",0,0.9008171558380127,0.2857142857142857,0.0625
437.jpg,Công ty TNHH Dịch vụ Tư vấn và Đại lý thuế CENTAX,Công ty TNHH Dịch vụ Tư vấn va Đại lý thuế CENTAX,0,0.627737283706665,0.08333333333333333,0.02040816326530612
145.jpg,302 Khương Đình - Thanh Xuân - Hà Nội,302 Khương Đình - Thanh Xuân - Hà Nội,1,0.583937406539917,0.0,0.0
Accuracy,0.3106212424849699
Avg Performance,0.5791343022921759
Avg Word Error Rate,0.4011949827356183
Avg Character Error Rate,0.1785176926559301
